metal_type,chemical_additive_type,operator_shift,input_material_source,equipment_type,mass_input_kg,reaction_temp_c,reaction_time_min,energy_kWh,batch_size_kg,raw_material_cost_per_kg,material_purity_pct,moisture_content_pct,ambient_temp_c,reaction_pressure_bar,process_yield_pct,cooling_time_min,maintenance_hours_last_month,downtime_last_month_hr,regulatory_compliance_level,equipment_age_years,operator_experience_years,num_operators,shift_duration_hr,week_of_year,quality_check_passed,num_defects,timestamp,cooling_energy_kWh,process_additive_cost,impurity_penalty,rework_cost,cost_eur,cost_per_kg,energy_per_kg,anomaly_cost_per_kg,anomaly_energy_per_kg,anomaly_isoforest,anomaly_label
Magnesium,Catalyst_B,Night,Local,Type_A,467.4989050636988,74.77657446925014,92.36120759848356,1346.6912931791317,62.86082150201752,8.526886361229007,98.31359965851686,2.9694097501976016,23.814928319078284,4.197012625361179,78.61644368438414,38.294605402384576,37.270599058517625,4.331666321476122,0.5136520860166828,4,8,2,8,4,1,1,2022-01-01 04:30:00,67.33456465895658,30.0,15.76780626284832,0.0,4202.456516172827,66.85335023879618,21.423380429985464,True,True,True,Anomaly
Magnesium,,Day,Local,Type_A,254.93019080244605,96.87304122554632,176.01808394355706,1989.5089072136527,46.27190730759406,8.027312043848315,89.32710178980896,5.413425183487586,35.90677102070968,1.399944973828808,87.86349706662838,19.99106055529182,38.76713735856082,8.067805611769142,0.9744831030043718,13,19,3,8,19,0,3,2022-01-01 21:00:00,99.47544536068268,0.0,54.416879542781736,20.0,2360.811761024545,51.02041170101265,42.996042803862075,True,True,True,Anomaly
Zinc,Catalyst_B,Day,Imported,Type_C,316.05991991862794,61.49681021369771,36.79213411722566,1977.984551959203,47.69829257024179,9.758204354416554,99.2397136867312,8.799884924794178,20.754121873331524,7.067776991986328,92.53121410917556,11.086274409643034,21.640016161627116,15.15486890114902,0.8472500894771573,16,29,2,8,42,0,1,2022-01-02 04:10:00,98.89922759796016,30.0,4.805920625739378,20.0,3398.180028537138,71.24322162125377,41.46866576086281,True,True,True,Anomaly
Magnesium,,Night,Imported,Type_A,265.9653168776267,147.06938700008027,71.00171649656025,1774.5958980240057,42.07260660772231,7.767575704596381,95.00007016335935,3.9940339955433455,24.831175964547697,3.678754050207621,84.20304987730219,53.40082816870879,20.074052632491323,6.101449981635554,0.6875509307320817,1,22,1,8,15,0,0,2022-01-02 23:00:00,88.7297949012003,0.0,26.59615846736055,20.0,2365.14151155431,56.21571141542238,42.179366602360304,True,True,True,Anomaly
Aluminum,,Day,Local,Type_B,479.9729696345774,72.43308771845162,90.69481036118842,1202.4569189221186,40.24066367689346,5.111938191750893,84.87195087730603,0.0170186676870298,19.24364887343192,2.198179030130502,98.23406798406792,19.099997370965408,2.1789243598991392,15.142525947681731,0.9228988399137822,14,28,1,12,26,0,2,2022-01-03 08:40:00,60.12284594610593,0.0,145.22109324394373,20.0,2764.35270718578,68.69550486000298,29.881637355115984,True,True,True,Anomaly
Aluminum,Catalyst_B,Day,Imported,Type_B,353.9995069336622,132.11418781709756,139.13910165228475,1877.1446888666292,53.55933732538048,9.837183334503576,87.5537043040376,4.677696433441535,15.504001649869696,7.098791556528075,99.0067423061344,48.67526152883586,22.736926690619335,12.144739913342775,0.745291579778868,18,4,3,8,35,0,0,2022-01-03 22:30:00,93.85723444333148,30.0,88.11965079042507,20.0,3878.3360121986993,72.41194917400236,35.047944627520536,True,True,True,Anomaly
Aluminum,,Day,Local,Type_A,440.1071001955327,113.23504207215365,46.2629100303475,551.2760896666041,45.995766022394506,7.71253748773684,97.30595153645687,1.0286176906761724,19.42029799785452,2.7642889079056534,96.40764720140577,30.83049381918328,21.606752652595844,12.55656367522629,0.9850035348970124,9,20,2,12,19,1,2,2022-01-05 17:50:00,27.563804483330205,0.0,23.71339714152376,0.0,3517.578655792704,76.47614030561114,11.985365987778044,True,False,True,Anomaly
Magnesium,,Night,Local,Type_C,355.95363989433656,59.98111687596624,175.83020663006894,1649.8778263205788,56.494310813295336,9.819097848299272,96.98347798614492,4.7242075351024,32.60829892464262,9.405336902201906,95.78844240031542,14.963281203901982,19.30416365897464,9.743715157578087,0.8799275181470163,3,15,4,8,36,0,3,2022-01-07 13:20:00,82.49389131602895,0.0,21.47483981306222,20.0,3780.064970280069,66.91054224508693,29.20431814405456,True,True,True,Anomaly
Aluminum,Catalyst_B,Day,Imported,Type_A,334.6556994599563,99.25164009404556,154.39761725854032,1540.024430928603,46.39013235046218,7.940712769846201,84.18405037768488,9.528942040181663,31.22222339313726,2.2867879935140625,89.62320176819316,46.76732641025591,38.57327129517384,13.877523651135297,0.6825857434113465,15,5,2,12,28,1,1,2022-01-07 14:30:00,77.00122154643014,30.0,105.85795366958594,0.0,3000.69716002153,64.6839534182022,33.19724158780633,True,True,True,Anomaly
Zinc,,Night,Local,Type_B,215.8219316750283,81.57997186750607,158.23394093099594,1636.1302969869962,42.433101907027975,7.955932053852432,81.7124533037651,0.9726789638783084,32.372145709212475,3.02814633165856,83.6006449069805,42.42395058489991,11.841695887822844,18.805345417758552,0.54490195772366,12,18,3,12,33,0,2,2022-01-08 12:30:00,81.80651484934981,0.0,78.93707307157398,20.0,2068.152680895867,48.73913496654671,38.55787636199211,True,True,True,Anomaly
Magnesium,,Night,Imported,Type_B,368.0904556390229,98.66135510397524,51.610089234835726,1917.5528195942309,44.77605480123896,3.2209042027765378,80.47299783619901,1.239449250778839,24.83910073406851,7.978793050471078,73.56033222252614,30.361265194009743,9.47245688472054,7.569208249978812,0.632775603795213,10,3,1,12,11,0,3,2022-01-09 13:00:00,95.87764097971154,0.0,143.75406247475382,20.0,1586.44632331303,35.43068567240392,42.82540809158496,True,True,True,Anomaly
Aluminum,Catalyst_B,Night,Local,Type_B,445.1219951056079,63.854773036552125,78.17973997443548,1386.6622111171732,45.02109065315548,8.483975436821382,83.44781724342555,7.798811846980954,35.22046308346769,3.224138067870745,99.80976474242806,26.50516915468999,27.70527386053488,5.024972622045625,0.9740875212090228,9,6,4,8,19,0,2,2022-01-09 16:30:00,69.33311055585867,30.0,147.3548122391812,20.0,4174.363288759313,92.72017243915295,30.800280290854825,True,True,True,Anomaly
Magnesium,Catalyst_B,Day,Imported,Type_B,222.4780377550805,54.0510576722592,88.36950367207268,1971.8525530611253,42.81184482755297,4.943662737732685,87.92910565885494,5.784604165748696,15.430938269489952,7.38750222484261,91.20147036952532,34.872767157683334,36.76443792575902,14.72425436913652,0.7102475074205288,5,12,1,12,11,0,1,2022-01-10 00:30:00,98.59262765305628,30.0,53.71017773933719,20.0,1429.0687432836585,33.380218699754195,46.058574700618244,True,True,True,Anomaly
Aluminum,,Night,Imported,Type_B,471.28875352178136,85.97337313920254,51.115776938430265,1959.767541084368,46.74267084249545,7.617762300490755,88.16465380437958,1.4711030817008364,20.19451289382235,8.546900372341018,76.07939939702048,35.94849580780574,32.688079384679654,2.8063951858965086,0.5523226789200104,8,6,3,12,48,0,0,2022-01-10 05:50:00,97.9883770542184,0.0,111.55731112065412,20.0,3980.3436193935513,85.15438993218328,41.92673430425102,True,True,True,Anomaly
Zinc,Catalyst_B,Day,Local,Type_B,131.7116257779508,68.62830469093888,132.17661753413194,1983.796256264564,44.11516294663621,3.2753059969377984,82.41560444223933,3.0757557569242917,31.320527610843072,7.118844013554148,77.02022808906761,10.799671406113,34.17178468719453,18.97897647612416,0.6713492451071672,5,20,2,8,42,1,3,2022-01-12 13:20:00,99.1898128132282,30.0,46.321386544704666,0.0,761.2548253667236,17.256081005244692,44.96858050063779,False,True,True,Anomaly
Zinc,,Day,Imported,Type_A,381.08679185918135,78.8369821896951,50.60264872968235,1890.850151121688,56.07993427057463,9.309126552669223,80.45377500168922,1.784589803611556,23.24626618136224,4.161086220116303,86.76672671396936,49.08475410355776,7.190367788977001,19.64700783807604,0.8018987185254562,15,7,2,12,31,0,2,2022-01-14 03:50:00,94.5425075560844,0.0,148.97616355127974,20.0,3957.46706917112,70.56832574155885,33.717053625610696,True,True,True,Anomaly
Magnesium,,Day,Imported,Type_A,208.00597853700893,106.80147918908128,140.9838323228684,1981.736537396455,55.86830867615225,9.213330397370656,99.81920342381127,5.03908045784149,26.1453692575996,5.825207053751552,96.55467517701648,41.40066295837639,2.6833336713087697,10.620575128227705,0.7708649009397388,8,22,5,12,52,0,1,2022-01-14 08:40:00,99.08682686982276,0.0,0.7521353749255295,20.0,2241.1861157419944,40.11551752413545,35.47156848588066,True,True,True,Anomaly
Zinc,Catalyst_B,Night,Imported,Type_B,284.2345268306094,52.6416699044713,44.89217751913373,1833.2899169239308,42.99353636469259,1.5378112083265898,83.65241472293174,0.7786144900381131,18.85474029685317,2.033707039615415,76.16455694774406,36.703271098367104,17.7337326442151,18.5237633836843,0.8868871663558027,12,19,3,12,38,0,1,2022-01-14 15:10:00,91.66449584619654,30.0,92.93096332101072,20.0,831.1983443871829,19.33310015106793,42.641058911112886,False,True,True,Anomaly
Zinc,,Day,Imported,Type_B,375.4844919884842,60.29273260255259,65.6832543116106,1883.7348737235357,60.14040681438486,9.482051881831396,98.8712731595172,6.793698485561968,11.831429638462264,2.0892983354356405,85.93657141989326,18.87929309135368,18.902088152808822,5.145023831928393,0.5374247667653054,19,3,1,8,48,1,4,2022-01-15 04:40:00,94.18674368617678,0.0,8.476388485849078,0.0,3847.786403015185,63.98005279363758,31.32228352790206,True,True,True,Anomaly
Aluminum,Catalyst_B,Night,Local,Type_C,223.9350527499688,88.41890128054575,128.5535859761486,1492.6284719381283,41.49281742238654,5.366832161719877,86.536017104694,6.39248970906371,20.73312108025744,2.08954973662171,76.05732749630438,38.06809949202068,22.20617658586347,12.287313595168834,0.6068798798899855,11,16,2,8,26,0,2,2022-01-15 12:40:00,74.63142359690642,30.0,60.30115439770054,20.0,1512.361774074542,36.44876072596074,35.97317715843546,True,True,True,Anomaly
Aluminum,,Day,Imported,Type_C,356.8808592798359,65.56170016631312,35.254060229280164,1512.2659836405428,41.9436148292369,8.389695819692161,97.87453405920996,0.2450124050750046,36.27575314508712,6.847331200201391,73.91141792558204,49.249110513310754,6.7071628680582585,16.362069868551252,0.7837785686304644,8,22,5,12,15,1,3,2022-01-17 11:30:00,75.61329918202715,0.0,15.170762226383555,0.0,3195.317684279368,76.18126614237512,36.05473657426432,True,True,True,Anomaly
Magnesium,,Day,Local,Type_C,270.97585933301247,122.25838073878629,102.08237550157465,1695.734393296079,42.12917635408768,5.364809215928172,81.45698484382864,4.226931598670736,30.063084876598623,3.8558543862661647,95.40527954469869,41.69362279710728,25.42892766311073,3.626492685375202,0.7743480178596585,11,2,5,8,23,0,5,2022-01-19 03:40:00,84.78671966480395,0.0,100.49418933137218,20.0,1798.4865137915078,42.68980952002413,40.250831847358114,True,True,True,Anomaly
Zinc,,Night,Imported,Type_A,403.7840150195651,110.07530199633754,84.8895186441774,1638.879325954724,56.5575032448762,7.750370447240964,87.99032312903054,3.9854172754833215,22.56563434953048,1.596485854281934,80.78897940954487,39.89813353519023,20.63776410249161,7.78689272023885,0.6063089469516125,7,20,4,8,5,1,4,2022-01-19 06:50:00,81.94396629773621,0.0,96.98631092095307,0.0,3423.3732477292274,60.5290730905694,28.977221976346655,True,True,True,Anomaly
Zinc,Catalyst_B,Night,Imported,Type_C,479.77827751399786,134.4310478193621,42.60560019161114,1916.021555993312,52.001927363975575,7.356398068515643,95.71315385860652,9.607593989347398,11.05810962682318,2.1021409087107816,90.31905792490696,33.98742489517579,31.667534793902927,4.847663401594204,0.8172847649023791,12,18,2,8,50,0,3,2022-01-19 15:10:00,95.8010777996656,30.0,41.134713153705896,20.0,3859.9550381540425,74.22715337331964,36.84520272840193,True,True,True,Anomaly
Aluminum,,Night,Local,Type_B,428.50162985007455,144.71659659099592,145.6783586629158,1101.622513958337,42.25888983848901,6.923443245585004,95.82142117387308,9.288396688835476,27.708608620097653,5.332833304087877,78.71128404440343,24.709885402627947,17.61672051419829,6.816211073743801,0.7493282851690735,17,18,3,8,1,0,3,2022-01-20 15:50:00,55.08112569791686,0.0,35.81055674904785,20.0,3151.7927675821884,74.58295235932971,26.06842058957709,True,True,True,Anomaly
Aluminum,,Night,Imported,Type_C,475.30745947847015,101.23765749116598,165.07995923977822,895.3857114974395,43.992370949268405,8.267155999465208,97.70008196206726,1.9326679816415135,37.65210473249751,5.109288703862867,92.658198364953,10.032935501226872,1.4698823880531189,9.919247854021476,0.8872529719954114,4,3,3,12,8,0,1,2022-01-20 21:10:00,44.76928557487198,0.0,21.86336399237043,20.0,4124.161987281988,93.74720885214242,20.35320425284625,True,True,True,Anomaly
Magnesium,,Day,Local,Type_B,363.1774392030976,139.9304518750647,72.53862372879044,1791.173383895264,41.440571590076026,8.21434798431914,87.67763185564846,3.94362588367673,21.22074943780861,7.472068622820289,70.1308450494394,15.195612559347502,36.81007874762378,14.879988602283662,0.5575536215771938,10,23,4,8,27,1,4,2022-01-21 06:30:00,89.55866919476321,0.0,89.5041221516684,0.0,3286.8123878312463,79.31387675691121,43.22269976421379,True,True,True,Anomaly
Aluminum,Catalyst_B,Day,Local,Type_B,390.67386829789336,112.83293898181604,138.83175544841168,1221.3027456900456,45.35823285109447,6.258968539059805,87.64005451721485,2.944128095584884,34.60661738045356,3.031099051288168,79.48222560146438,20.59132699747672,24.239843289706883,9.963267762256809,0.9005036266286629,2,13,4,8,20,0,1,2022-01-22 05:20:00,61.065137284502285,30.0,96.57415427421496,20.0,2769.439163871925,61.057033966990176,26.925712685929216,True,True,True,Anomaly
Zinc,,Night,Imported,Type_A,210.3713798028315,65.37477048759287,153.24088346476833,1862.9211233643396,51.53186733472778,9.399140214152435,85.0113582928642,6.702813914334031,12.422922911661887,6.591944563874856,84.22054099167829,19.77653337464422,4.017788065345482,15.885380681837065,0.8496076241269188,15,5,1,12,25,0,1,2022-01-23 08:10:00,93.14605616821696,0.0,63.063624746008514,20.0,2308.296725230847,44.79357812200347,36.15085615399193,True,True,True,Anomaly
Aluminum,,Day,Local,Type_B,450.04849111257647,137.33006500006206,63.07129435003827,1981.515127250236,68.64837258447992,8.550037098641287,94.79204019675736,5.595051707773169,13.422471634709384,4.472358678924607,83.73345239464619,37.21956061695204,36.33199649014664,7.167806680051491,0.9166143635779782,12,5,5,8,48,1,2,2022-01-23 16:40:00,99.0757563625118,0.0,46.87668902448596,0.0,4117.613535375724,59.98122577936592,28.864706513060423,True,True,True,Anomaly
Magnesium,,Night,Local,Type_C,438.8128316547887,148.361302194415,104.981306379697,230.56840335880807,42.299729206386935,7.9026010918463,80.83626938210998,9.264203413332444,26.23911307746973,5.21241432505035,92.00372502888511,33.967589174681706,23.74156049518721,6.878581918851592,0.947245304854866,13,2,1,8,43,1,0,2022-01-27 00:40:00,11.528420167940403,0.0,168.18581795011792,0.0,3695.372861297439,87.36161981716579,5.450824572276316,True,False,True,Anomaly
Aluminum,,Day,Local,Type_C,436.3286847801516,62.25875843863696,53.25602650049434,1942.1018065444164,41.37381881009916,2.363823383492428,95.8023935459115,1.6857833190030502,19.49639343280281,6.301651990186293,83.18977207090725,11.91471710929223,29.871495936687865,13.74027068671744,0.7846603562810487,18,24,3,8,39,0,3,2022-01-28 02:50:00,97.10509032722082,0.0,36.6307220667422,20.0,1306.673141740758,31.582125588605447,46.940356544278146,True,True,True,Anomaly
Aluminum,Catalyst_B,Night,Local,Type_C,266.7790449134628,127.1798277254406,138.41151544392852,1590.2791350596578,40.70032399381832,9.66375252394248,94.08824348020592,5.509370050116659,35.16097167455362,1.2700555347800748,73.66264191971126,43.68110674830665,37.640486741243535,5.761946094351793,0.8761759555025093,12,3,5,12,40,0,0,2022-01-28 05:20:00,79.51395675298289,30.0,31.54265516223195,20.0,2856.23553523905,70.17721863032007,39.07288638049156,True,True,True,Anomaly
Aluminum,,Day,Local,Type_B,182.51497468558065,104.06444040112284,125.39708239702,1978.69615595827,50.10537751352005,8.164369976285968,89.34698654874273,1.9863736471297253,21.987645275844017,4.361273488176199,76.43469832920776,43.45153656063653,12.808591089639672,12.402820560383477,0.6216559534980681,1,1,5,12,10,0,0,2022-01-28 11:40:00,98.9348077979135,0.0,38.88668960762739,20.0,1777.176851769164,35.46878478841167,39.4906944953035,True,True,True,Anomaly
Aluminum,Catalyst_B,Day,Imported,Type_A,393.2001839296312,88.38188754903342,130.66132284257776,272.5839228810868,44.786727527007166,8.661841448103193,83.0386484355003,4.424626627332946,36.569853065333,2.8849218818647757,90.53506316394656,35.66321499305384,33.227814121064306,14.677448148736156,0.8406426467174004,9,5,5,8,23,0,2,2022-01-30 11:40:00,13.62919614405434,30.0,133.38413109712835,20.0,3576.765261458967,79.86217031155304,6.086265684777125,True,False,True,Anomaly
Zinc,Catalyst_B,Day,Local,Type_C,454.761816350079,131.59345038179828,108.9807784605954,1948.764836252245,52.44832575725644,5.55076981595027,97.14132818164713,0.3150554690375695,16.215184805949875,5.460768596040786,73.01895895977336,37.02872446225691,11.552826889243365,12.459613749315231,0.7477696667164258,6,25,1,12,43,1,2,2022-01-30 15:20:00,97.43824181261226,30.0,26.00029576925884,0.0,2835.8411946000238,54.06924155644136,37.155901701640595,True,True,True,Anomaly
Aluminum,Catalyst_B,Day,Local,Type_B,332.97180067038374,81.43172604528421,173.90327060476608,957.3984086102656,45.93300235384708,9.15931163771858,88.26616314514018,1.888442407273363,17.239301492331244,4.054837193723434,71.7641730211663,42.13003923754821,31.05685225739492,3.218014334257251,0.5545668274739484,12,13,3,12,50,0,0,2022-01-30 23:50:00,47.86992043051329,30.0,78.14073572670368,20.0,3282.5361530500386,71.46356616889234,20.843366632881978,True,True,True,Anomaly
Aluminum,Catalyst_B,Night,Imported,Type_B,460.70364882306393,50.97208660781409,75.56041159786089,1371.760305482959,40.2701801682645,7.467318786692058,98.15618807416246,9.717840843372652,29.2497764053227,8.035784777773097,72.16916110569255,16.060726604164085,32.19007599931595,16.264696348831244,0.7506759516715561,19,22,5,8,5,0,4,2022-01-31 18:10:00,68.58801527414795,30.0,16.989017639536762,20.0,3719.32798095958,92.35935785285238,34.06392272771589,True,True,True,Anomaly
Magnesium,Catalyst_B,Day,Local,Type_A,445.4405516353347,70.21283238007072,158.7699413632377,1692.832328123466,68.56772738399096,9.200500886699611,97.51597218650826,8.031172283593026,27.11923515556169,1.926228503604117,72.96269732857614,11.19487508689372,26.273785142858173,6.8699391431903205,0.5870361537469754,16,19,1,12,11,1,4,2022-02-03 02:50:00,84.6416164061733,30.0,22.129734390385504,0.0,4375.657818930492,63.81512098871328,24.688470694723723,True,True,True,Anomaly
Magnesium,Catalyst_B,Day,Imported,Type_A,178.88978628622388,52.01621552635899,50.37954635804228,1939.2356357978304,42.33215394495152,2.438656613032659,85.54946840522912,4.393869527400126,20.04958605247444,3.8786428631924657,82.13548697078433,26.7688805967762,19.659539546676168,11.679807600490577,0.9173939478413724,3,3,3,12,14,0,3,2022-02-05 13:50:00,96.96178178989152,30.0,51.70105017421776,20.0,774.674365334726,18.299904284154966,45.80999205284004,False,True,True,Anomaly
Zinc,Catalyst_B,Day,Imported,Type_B,485.5212143545773,81.404282038975,80.17297209410953,1586.1361790035462,51.17426897152463,6.569118838529421,80.35902324444385,7.582663644995985,33.60129919300843,9.635039233102612,81.43660505379853,14.823526171342918,22.31244505406402,8.563946099440091,0.8895861502057297,17,19,2,8,50,0,3,2022-02-07 16:30:00,79.30680895017731,30.0,190.72221770935292,20.0,3678.258910485115,71.87711684815356,30.994798965982973,True,True,True,Anomaly
Aluminum,,Day,Local,Type_A,225.3904317575357,120.11248056394092,168.91810973673066,1932.9766242106768,47.05041348431052,5.8072901081778925,92.23115550503522,2.651423501856848,11.973252496634426,3.7985052281685263,77.25437144509503,47.61915468296797,28.55054991268748,14.488075102678652,0.8259014220858527,5,2,3,8,17,1,3,2022-02-07 21:30:00,96.64883121053384,0.0,35.02046429954531,0.0,1621.560817832944,34.46432661795143,41.08309536653167,True,True,True,Anomaly
Aluminum,,Day,Local,Type_C,318.9153471856541,109.58125174081128,125.14645135936404,1805.7134033371967,47.34672094474668,6.94492372174331,83.57513895125035,0.6476645784454693,12.528855797401336,5.516157224724321,78.90277404807593,56.99699184566274,24.38604774359305,11.105027865090795,0.672072839296128,14,12,1,12,12,0,2,2022-02-08 20:50:00,90.28567016685986,0.0,104.76280527676244,20.0,2611.9043346560416,55.165474663052535,38.138087861342136,True,True,True,Anomaly
Aluminum,,Night,Local,Type_B,245.45877797069716,80.53397129900199,111.63078683073718,1449.8447108958148,40.22268268083715,9.438013290892044,95.0633942997926,9.90017081049807,11.093766569336934,6.735503361764918,73.6861499251616,41.459092580694765,32.72190513196225,6.514892652812687,0.922225814506768,8,24,5,8,13,1,2,2022-02-09 18:20:00,72.49223554479074,0.0,24.23466404992176,0.0,2542.4913937093897,63.21038837423643,36.04545033458319,True,True,True,Anomaly
Zinc,,Night,Local,Type_C,464.26961188435433,136.36876801415153,43.16728127580291,1494.3345143729543,42.53818868599736,5.432714563949694,85.8554264668607,3.71242197420832,22.80274182210175,9.248389150845352,83.27822448988874,52.01631952121155,17.544997993503667,4.088301571201988,0.8405500380651771,12,11,4,8,38,0,0,2022-02-09 19:30:00,74.71672571864772,0.0,131.33791329000582,20.0,2884.635698918525,67.81284742074793,35.12924646142388,True,True,True,Anomaly
Aluminum,,Day,Imported,Type_B,489.32187318937457,65.02146726885296,93.60852773429096,1304.3838969023716,41.60529542549058,9.339366128603634,84.34272217314233,8.220971791856178,38.26769854348959,8.260387869803303,86.24346206157333,13.14944694271233,36.7527515650728,7.233637305459279,0.6287053359064745,8,8,4,12,38,0,2,2022-02-09 22:20:00,65.21919484511858,0.0,153.22897030568902,20.0,4895.750219073624,117.67132450342159,31.35139129677244,True,True,True,Anomaly
Aluminum,,Day,Imported,Type_B,298.9846880274552,117.57703849009532,55.27721188295568,1739.338598149493,42.0082237572276,3.738436309526696,92.13511478890908,0.97283927145298,36.01817486330687,5.911277922186649,70.05507183848991,36.51173348644885,17.417528483180654,17.339916719757102,0.5416505735514194,12,10,5,12,38,0,2,2022-02-12 00:10:00,86.96692990747465,0.0,47.029605024195305,20.0,1429.9246553147864,34.039160131562696,41.40471656696116,True,True,True,Anomaly
Aluminum,,Night,Imported,Type_A,163.29437050219133,100.87977912540012,41.126588052778885,1856.810146547043,45.39131515794266,6.805550227381032,91.29161755370694,3.352336071438172,29.49632620095982,2.4773259388740287,93.48775131616252,14.8138661728728,9.776578816229318,17.893778661178,0.6404889430324449,11,2,1,12,45,0,2,2022-02-12 08:20:00,92.84050732735216,0.0,28.44059659319517,20.0,1413.3964367034746,31.13803668797545,40.90672720290491,True,True,True,Anomaly
Aluminum,,Night,Imported,Type_B,486.7028491010559,118.20404651366628,120.08952112726324,903.1267322415692,40.69204036619232,5.265861570578871,93.01309411585358,2.806163020721335,19.554330562413934,7.618220942339955,86.77936139958494,42.18591238345452,0.2300920691163899,8.180670538705776,0.8691085003043312,10,8,5,12,38,0,3,2022-02-13 22:40:00,45.15633661207846,0.0,68.01094000429991,20.0,2812.680665731829,69.12115097744409,22.19418648252161,True,True,True,Anomaly
Magnesium,,Night,Local,Type_A,454.0060926255512,58.01105660854261,96.5453688803724,1620.446227441642,40.10231216709919,3.511743905324562,84.24914198588372,4.680794732221646,31.58651285408736,1.0912675651301118,81.92621171080694,33.703122214464905,7.284259333282779,5.345743958428013,0.5536780352663719,15,7,4,8,42,0,1,2022-02-15 03:00:00,81.0223113720821,0.0,143.0197100497756,20.0,1978.1247838309644,49.32695091466224,40.40780044525939,True,True,True,Anomaly
Magnesium,,Night,Imported,Type_A,232.5519982634522,123.68049762915946,116.93400942644764,1999.8867473280263,42.36902881416735,2.869393195330717,86.11450946449617,7.430228726303732,15.867516203649435,7.148683656425384,73.61177620546242,53.10312880935637,15.414937589637445,11.186499439033648,0.7603526118528063,4,23,4,12,36,0,5,2022-02-17 01:10:00,99.99433736640133,0.0,64.58197141799337,20.0,1021.9848444397088,24.121035412970752,47.201618807446074,False,True,True,Anomaly
Magnesium,Catalyst_B,Night,Imported,Type_A,421.0545907029196,55.7248188293651,37.04963044321458,1702.2861308296162,45.738575811080665,3.815230029635949,98.38975458467084,7.544951684800923,11.542795997605271,1.1918290146270376,79.34999631321995,59.00188253257336,15.213377308018403,2.289549790799485,0.8558786750326108,1,23,5,12,41,1,2,2022-02-19 23:50:00,85.11430654148081,30.0,13.560024485653344,0.0,1887.159717452424,41.25969565049813,37.2177336229437,True,True,True,Anomaly
Magnesium,Catalyst_B,Night,Imported,Type_A,468.61154182640666,135.83321368203897,142.12332904355657,1571.16817811603,43.76302697544138,5.185405493197753,94.6769915473298,0.6857959236589206,21.15704756503683,4.90337055253803,89.34883115462115,10.7291530916621,17.175308977259714,19.268654402754443,0.6417892522627708,3,7,2,8,51,1,2,2022-02-20 23:40:00,78.55840890580151,30.0,49.88846396321563,0.0,2741.3867390515184,62.641616188704454,35.90172542218634,True,True,True,Anomaly
Magnesium,Catalyst_B,Night,Local,Type_B,323.5538302944383,87.37822797976813,65.65495321601328,1951.884131800106,47.68664069113959,1.6386595908339552,87.30942016737416,9.809588909977515,37.47837455313689,2.7492878408813683,77.51443726101776,49.42658074411823,17.561140529142065,16.005062800023545,0.6636279590353318,11,18,5,8,24,0,2,2022-02-21 16:50:00,97.5942065900053,30.0,82.12171427006889,20.0,947.8018312059952,19.875625908412992,40.931466413040404,False,True,True,Anomaly
Zinc,Catalyst_B,Day,Imported,Type_B,336.7483008262138,117.06565015125132,39.77151103184329,1289.2349664901333,44.361443151999296,9.6696680839356,84.65199686903469,6.856415120090219,17.845048102863988,8.878029598331038,97.1041677743542,55.77410347748934,0.693189265745886,0.8195050612492727,0.5108462899424357,17,12,3,12,41,0,0,2022-02-22 11:10:00,64.46174832450667,30.0,103.36827950855958,20.0,3583.682781460586,80.78372854511329,29.062060990052114,True,True,True,Anomaly
Aluminum,Catalyst_B,Night,Imported,Type_A,462.874146946264,61.438817484125885,109.2510497276593,1647.2722918513955,45.21856253994536,3.659883478562773,92.751899839219,6.030973864613781,23.453580875683787,9.7537468956,99.2464043270121,19.73541873016497,29.4989750162526,16.195915918094165,0.9816203534820171,19,14,2,8,6,1,2,2022-02-23 06:00:00,82.36361459256979,30.0,67.0991635780518,0.0,2007.7585697337968,44.401202890078046,36.429116701713404,True,True,True,Anomaly
Aluminum,,Night,Imported,Type_A,182.5545354052659,130.35112163230542,119.0495289938314,1863.649927089251,43.87725404276169,2.747991617281776,97.68410535848491,9.502816461922013,27.746164806715765,5.226863022433281,86.13099794442749,40.01808857226085,13.683878193298966,5.820211591028965,0.8989228532484701,2,1,4,12,48,1,5,2022-02-23 20:10:00,93.18249635446256,0.0,8.45554140658657,0.0,763.7068261003438,17.40552919186907,42.47416953834403,False,True,True,Anomaly
Zinc,Catalyst_B,Night,Local,Type_B,435.8743952914121,125.70514098963504,104.97768989357874,1145.6278322671765,52.32126018211297,7.191480078336045,99.05822248098931,1.1924880750815292,16.3779479663697,1.4075032061432298,77.5158540307091,23.55971541878657,29.388225492259068,5.142850051085808,0.5571013905526296,16,4,5,12,20,0,4,2022-02-24 04:00:00,57.28139161335883,30.0,8.20993413195661,20.0,3349.765150513229,64.02302121267351,21.896029038284354,True,True,True,Anomaly
Aluminum,Catalyst_B,Day,Local,Type_B,467.240215879637,108.600188765052,71.55967276768897,1974.2532337522437,58.04431670262715,9.667986704903877,88.9182407377275,3.807636299884183,32.76825706078088,7.446538283004804,83.30657879049559,57.0697106363466,11.096744886687834,3.7042202299511007,0.966563738241872,12,2,5,8,44,1,1,2022-02-24 21:30:00,98.71266168761218,30.0,103.55687180060734,0.0,4925.159402124131,84.85170783139243,34.01286027479219,True,True,True,Anomaly
Magnesium,,Day,Local,Type_B,492.1144759259343,82.34176824614778,120.3612342261816,1573.9148751272717,71.94687095584547,9.92224302743544,95.45217026394644,3.799758552074551,29.73821403091184,6.272665083023234,96.20113629642476,56.570671721599375,28.74645005069087,8.911008069520713,0.6512372544201962,9,17,2,8,46,1,4,2022-02-25 01:30:00,78.69574375636358,0.0,44.7610569431675,0.0,5144.966483674514,71.51063576944205,21.876071248368806,True,True,True,Anomaly
Zinc,,Night,Local,Type_C,461.7380929871461,60.92110151121642,166.57483397322045,255.6766350174012,40.047239122216645,7.555792497159261,83.37592487168395,6.469697286886195,33.178090262405384,4.62268282452307,97.2289322664812,44.7059379343231,20.529245559358333,6.818711931029117,0.8482280894736034,14,17,3,8,2,1,2,2022-02-26 15:50:00,12.78383175087006,0.0,153.519374948474,0.0,3678.7239282806,91.85961401867993,6.384376067401904,True,False,True,Anomaly
Magnesium,,Night,Imported,Type_A,457.616597461016,93.0977427164458,171.92334942342498,1371.0357016867988,63.9575160417751,8.419740279102767,81.03961747475067,5.942856732269517,18.877895470626413,5.005512687993871,88.1222435438724,53.82504593084769,27.79403556493705,19.09467557605544,0.643359884058393,4,6,1,8,16,1,1,2022-02-27 15:20:00,68.55178508433994,0.0,173.53171475527807,0.0,4207.1437168174,65.78028630863997,21.43666274955519,True,True,True,Anomaly
Zinc,Catalyst_B,Day,Imported,Type_B,425.5989936216136,140.74257944592765,136.04762570912928,134.6681805270891,43.07599583572024,8.519717858205208,83.3287943781105,0.1637079373074823,10.755051420124149,4.778990600088294,83.0899193395957,35.238862677096535,4.104099471278229,10.151561076210124,0.7811314330433292,14,2,1,12,30,0,2,2022-02-28 05:30:00,6.733409026354457,30.0,141.90496670270312,20.0,3837.3024325774,89.08215255688562,3.1262929135910347,True,False,True,Anomaly
Zinc,,Day,Imported,Type_C,286.19121734664634,66.15259148070686,86.50043739839391,1783.979584345689,41.79847316544904,3.448804760681908,91.3223766219073,8.35579592699487,23.88763920253783,6.330925592277511,94.03514862396192,29.639874404917347,11.22998256615892,4.68552315173886,0.919660351683746,19,5,1,12,43,1,0,2022-02-28 17:40:00,89.19897921728447,0.0,49.66919196504136,0.0,1243.7666254537794,29.756269338610366,42.68049642110711,True,True,True,Anomaly
Magnesium,Catalyst_B,Day,Imported,Type_A,120.3549621246098,57.66319600661187,116.53420451565157,1857.0972223887347,43.03179964215422,9.107043434376054,91.46064043360556,4.616526484428283,33.02428377261826,5.706091910437329,83.1387060998236,21.288739835343,12.188560268884864,16.04260721904246,0.6125859950853471,6,13,1,8,28,1,6,2022-03-02 14:10:00,92.85486111943676,30.0,20.555085943636527,0.0,1416.3259910609936,32.913473357817736,43.156392199072954,True,True,True,Anomaly
Zinc,Catalyst_B,Night,Local,Type_B,399.1344427452702,80.4786705409162,102.11589398127438,1589.8682223497112,53.70881389061499,7.435959089355191,87.81756093636585,5.65394404189555,18.179118212370625,6.239315357319737,93.87895184611004,49.401749309116255,19.052403191878685,0.5189922053723084,0.549152143224373,16,18,1,8,8,0,1,2022-03-02 23:00:00,79.49341111748556,30.0,97.24862053883658,20.0,3317.9348198707626,61.776356235089644,29.60162601221627,True,True,True,Anomaly
Aluminum,,Day,Local,Type_C,343.69996208672285,104.459981778905,98.34704831943588,1983.4929936211772,42.284687328222944,6.168098750857677,92.89545133976723,5.0869075525197625,29.62211030007768,8.257383548773134,94.1848268991994,17.276216922583412,15.002433730913296,12.829880328218328,0.5802449326268952,18,28,2,8,43,0,4,2022-03-05 04:50:00,99.17464968105888,0.0,48.8366621033056,20.0,2476.973440765893,58.57849725928174,46.90806811990527,True,True,True,Anomaly
Zinc,,Night,Local,Type_A,418.98542968703936,63.55859462577915,169.16515668845403,1526.8168650328205,50.05837535642186,7.356243859567112,94.43350045548652,4.6516079576980776,33.73106239815283,6.472865524086803,77.15414822280731,56.34659492849137,38.18602166715995,9.91812789954465,0.6077889592622265,6,22,3,12,27,0,2,2022-03-07 19:50:00,76.34084325164103,0.0,46.6456440702138,20.0,3359.821019925492,67.1180595854969,30.500727483896437,True,True,True,Anomaly
Zinc,Catalyst_B,Night,Local,Type_A,360.5209431210681,111.1454027678614,86.08010476762166,1931.5004703435416,56.11418054798591,6.912887995431797,94.06261340701272,6.472822569804338,19.72239322209787,8.38765802466531,79.67233695745018,25.96387763557464,1.6207647254386923,7.642380398610317,0.874910130139438,6,6,2,8,35,0,2,2022-03-07 20:40:00,96.5750235171771,30.0,42.811044283563206,20.0,2837.490091819664,50.566364225762705,34.4208977388848,True,True,True,Anomaly
Aluminum,Catalyst_B,Night,Local,Type_A,456.7098531473259,147.6289668826945,158.8435397238023,1628.7405081252714,50.195555622543694,6.395718310037503,89.1548392895001,0.1233946083538772,18.13038543093751,2.39994310568056,88.94048719281217,32.024337878333704,22.861330002825127,2.397344150094592,0.5651902195283249,1,20,1,12,52,1,3,2022-03-08 06:40:00,81.43702540626357,30.0,99.06183510903116,0.0,3250.2429790188926,64.75160875715363,32.44790276599261,True,True,True,Anomaly
Aluminum,Catalyst_B,Night,Imported,Type_A,490.6253455424244,72.28007625218706,130.9531385636663,373.3244034385063,47.86348927359212,8.537003144281986,95.95398838793196,3.2990973456850705,39.8815153575473,6.092183920371576,97.96694696008788,20.783761811899907,4.242122035551681,1.5632144039942064,0.804481747672544,16,18,2,8,4,1,2,2022-03-08 10:00:00,18.666220171925318,30.0,39.70151690479071,0.0,4292.627260522982,89.68479577378758,7.799774088858201,True,False,True,Anomaly
Magnesium,,Night,Imported,Type_C,89.75378000055858,148.8871647441273,108.9615863836991,1624.9859650547016,40.64692064277962,1.118797706180029,83.61697217526189,6.811838254849123,21.782186174136207,3.323201348788292,87.4181485885227,33.884848460512735,12.020493654053332,11.143188785099245,0.6435478425761882,12,24,2,8,9,0,2,2022-03-08 23:10:00,81.24929825273509,0.0,29.408773502491474,20.0,320.841253459328,7.893371708991224,39.9780829484154,False,True,True,Anomaly
Aluminum,,Day,Imported,Type_C,455.7622779804466,72.78039226730911,150.00313813845278,1922.132884580059,57.33270171872418,5.294781596359117,80.89269737155772,6.970458833465743,27.62597407380696,6.971768836873397,73.31717346473056,22.813430463128533,34.729507120176,9.395865008582492,0.9989522007094662,11,22,5,12,44,0,1,2022-03-09 16:40:00,96.10664422900297,0.0,174.16775544001257,20.0,2842.279660480268,49.57519138771046,33.52594290794276,True,True,True,Anomaly
Aluminum,Catalyst_B,Night,Imported,Type_B,496.8239462310995,52.75237860772592,96.9967583796316,1287.2426227936494,47.705505981645366,9.403658788610286,93.08216267503693,5.36597968128263,28.804598729294145,2.0365365557157125,91.13978992266956,18.2729290195026,36.122645715907936,9.08048653925142,0.9237130771864788,10,3,4,12,13,1,1,2022-03-10 12:30:00,64.36213113968248,30.0,68.73894478345893,0.0,4941.280770595887,103.57883579511845,26.983103864130786,True,True,True,Anomaly
Zinc,,Day,Local,Type_A,495.4236669297312,139.459606763116,52.90791552411115,1303.5938420953566,59.56359198576439,7.684106971588034,82.35430325243016,4.759018367456105,20.890010937153555,6.532792174784447,85.33951425929097,35.4885557447209,35.64684213386548,6.953505863528626,0.5010024979885306,11,17,4,12,32,0,1,2022-03-10 17:50:00,65.17969210476784,0.0,174.8419157642216,20.0,4155.102770872983,69.75910337754725,21.88574930818332,True,True,True,Anomaly
Magnesium,Catalyst_B,Night,Local,Type_A,490.8428770960511,71.84419111957166,117.5203864709078,670.5678618749806,58.15831109736126,8.92503967406103,83.04476193429758,0.3250691482833479,15.557733193614526,6.442405764301415,90.8259901337143,16.840127778149025,39.39447454603531,0.7944633424129277,0.5437919660947146,10,6,4,12,14,1,0,2022-03-12 23:00:00,33.52839309374903,30.0,166.44715668035715,0.0,4662.277408041401,80.1652819703861,11.530043586589043,True,False,True,Anomaly
Aluminum,Catalyst_B,Day,Imported,Type_C,484.4167209312023,149.6214643024938,135.87173747989254,1388.6949599695347,49.44189050464968,9.010494411875603,84.81162686456355,2.364378994452612,20.449812588960263,9.73978534500644,76.74652347881558,18.42892747246944,38.888696605031335,17.93182450165017,0.6084689296296637,8,7,5,8,5,0,0,2022-03-14 22:00:00,69.43474799847674,30.0,147.15003821095377,20.0,4741.845826763699,95.90745374750102,28.0874162738364,True,True,True,Anomaly
Magnesium,Catalyst_B,Night,Imported,Type_C,457.4826172495071,90.30846217856576,159.31180105991405,1925.2100213285264,66.34893119340046,9.743435810811729,92.21019525102592,6.723025742337544,18.694257768543917,2.5819758689532755,92.62883901199676,45.87158453746544,32.70598622828342,3.808727044290745,0.6760751120139306,9,17,5,12,11,1,4,2022-03-15 12:30:00,96.26050106642631,30.0,71.27400528846616,0.0,4802.239305410746,72.37854806451519,29.016443621627193,True,True,True,Anomaly
Aluminum,,Day,Local,Type_C,488.9884870302837,105.4137246027509,47.95386937856335,1289.5699662262846,52.589714219721984,6.871750914737207,86.94211762676666,2.4308734896303963,32.34057344385891,5.48623942737355,92.4848940638916,58.31782048844448,7.893728167127287,6.189924451962838,0.5783297337866506,1,8,4,12,26,0,1,2022-03-15 15:40:00,64.47849831131423,0.0,127.70308291013563,20.0,3669.648943783592,69.77883409770298,24.52133435900428,True,True,True,Anomaly
Zinc,,Day,Imported,Type_C,396.5847881538225,124.74072066208775,62.61004635751042,1666.211802849002,46.65385906724815,9.848818848355698,95.15061087148722,2.957857606094775,10.648642062943756,6.37168303752658,93.07106803911118,27.78637875478729,27.73810698213139,13.50348737230415,0.935473621429103,10,17,1,8,9,0,0,2022-03-16 11:20:00,83.31059014245011,0.0,38.46387920413383,20.0,4142.067689501911,88.78295970182063,35.71434038173088,True,True,True,Anomaly
Zinc,,Night,Imported,Type_C,187.1865896308373,91.55123062974336,99.43390607602686,1764.4026735418336,44.41883946177627,8.217261402499853,95.65109637774276,9.784792891166148,38.98536665424832,2.2605328531317435,87.40443417376491,10.449153704639649,33.69999620193929,18.90920446105005,0.8166082050498719,4,12,3,8,2,1,2,2022-03-17 23:30:00,88.22013367709168,0.0,16.281128753670508,0.0,1799.085730531684,40.50276306925692,39.72194444792179,True,True,True,Anomaly
Magnesium,,Day,Local,Type_A,415.8810928516304,125.9735057579452,145.32077566628303,338.7204446340928,46.17568906323327,8.9600147362657,87.57668222730913,9.31350557385639,36.30924641803946,2.317259835127204,75.6094860224804,40.13766102141983,4.812692547422492,4.658619672596367,0.7971081200264472,17,24,1,12,1,1,0,2022-03-20 19:00:00,16.93602223170464,0.0,103.33245944299522,0.0,3852.286982766718,83.42673516991533,7.335471359620578,True,False,True,Anomaly
Magnesium,Catalyst_B,Night,Imported,Type_A,145.17841397482655,117.73769282175832,47.10811072151397,1937.102277073932,43.90106884409205,5.489029665096068,90.90348009631754,5.344954304655715,27.16113102501876,5.918367320622142,83.99372184938704,21.57259008800237,37.65489990919802,4.051836932893977,0.8364087183890113,19,8,1,12,26,1,3,2022-03-21 13:40:00,96.8551138536966,30.0,26.412366646141248,0.0,1108.6122266272798,25.252511062187278,44.12426230334517,True,True,True,Anomaly
Magnesium,,Night,Local,Type_C,224.93855350242785,104.23403662295608,58.9861320842156,1933.9266784489844,46.92944890104827,3.854873494282716,96.11594775797724,9.977365838839257,35.924108475711925,5.800363423861263,72.77007315262054,40.34150306068594,2.473481173503882,11.333576012415206,0.7345426767898515,3,14,2,8,49,1,1,2022-03-22 08:30:00,96.69633392244924,0.0,17.473461860969234,0.0,1159.508619340801,24.7074842448214,41.209234792565105,True,True,True,Anomaly
Magnesium,Catalyst_B,Night,Imported,Type_C,377.9856658054634,81.4118538389389,119.43598307277284,1563.090481187205,42.98584537203454,5.554182032451784,88.02075011234828,0.7313253432145073,27.855009051576918,8.174091741566883,75.8510779879247,20.23554231313813,5.660943347375187,9.499201958187092,0.6128037046885004,19,15,5,12,39,1,3,2022-03-23 18:50:00,78.15452405936026,30.0,90.55969489268116,0.0,2396.449238706921,55.749729194950014,36.36291127134865,True,True,True,Anomaly
Zinc,Catalyst_B,Night,Imported,Type_C,381.0909113055162,60.78511012796167,35.72911176562035,1458.0096582205706,41.670838047128576,6.358686347584433,96.74815309802425,2.0095587227240674,10.847044166808814,6.677914215718982,83.71539919887388,44.87943119792094,13.75926897261721,18.03972542588901,0.5171620538249982,11,19,4,8,39,0,2,2022-03-24 09:00:00,72.90048291102853,30.0,24.78498598599918,20.0,2724.7251141653173,65.38685665701583,34.98872896608419,True,True,True,Anomaly
Magnesium,Catalyst_B,Day,Local,Type_A,467.6908910798484,88.28992965376605,148.6177247474168,1597.448380561206,53.42936076000249,8.600881889791957,90.7082850896231,5.251328518574696,26.877083890791944,3.055577661254306,76.84957859882044,10.699583181688348,11.755143628876446,11.819759266463612,0.7642725029129427,17,24,5,8,8,1,3,2022-03-25 05:40:00,79.8724190280603,30.0,86.91300852188164,0.0,4361.004446358346,81.62187202552155,29.898324775711423,True,True,True,Anomaly
Aluminum,,Day,Imported,Type_A,81.92706216067629,63.08961489483198,66.45021528536017,1992.9747906489465,46.24791091192512,5.725841514677628,95.84771799516211,4.324264155263212,37.72204379395377,7.763088105308558,95.05103868033402,55.36408624764159,35.79179285198904,10.383866578187778,0.6158221238158192,15,11,1,12,28,0,0,2022-03-26 13:40:00,99.64873953244734,0.0,6.803685318380196,20.0,766.1033034429367,16.565143988923303,43.0932933261436,False,True,True,Anomaly
Aluminum,,Day,Imported,Type_C,279.49068162738354,130.88314388949635,67.27450575304607,1696.0399622584346,40.37451612688496,2.8505383252248206,87.99477550149518,9.77577397250397,25.16611318187163,4.525569370845936,94.63276528078728,16.66205683220354,29.008530303804697,16.995975627485635,0.9195854593331934,13,1,5,12,34,0,3,2022-03-27 18:10:00,84.80199811292174,0.0,67.10696756353751,20.0,1114.2862684988474,27.598752267320823,42.00768516775015,True,True,True,Anomaly
Zinc,Catalyst_B,Night,Local,Type_B,401.8376128659377,119.42190958178588,99.12811985111694,1362.872828422992,44.47714735873554,5.551328081906103,83.5996192355272,3.2096502007179497,23.945774364376103,4.057760429510241,84.7220471610957,23.21127904586429,23.34300056143793,4.155763918447722,0.9510341054100186,15,8,4,8,40,0,3,2022-03-29 00:30:00,68.14364142114961,30.0,131.80579712976385,20.0,2540.632456291912,57.12219886316335,30.642091711291297,True,True,True,Anomaly
Magnesium,Catalyst_B,Night,Imported,Type_C,145.87552405498957,137.36687768707054,178.80838135824246,1688.598557813969,42.21910371769786,7.620334418060446,96.1126231863656,0.5544461964591263,27.06899144445062,5.232080543185099,93.39267139811464,22.60951162887255,11.33043414615258,6.735439979242779,0.796861331844431,14,25,4,8,5,0,2,2022-03-29 19:20:00,84.42992789069844,30.0,11.341462597762678,20.0,1370.1495451894518,32.45330725993355,39.99607782071707,True,True,True,Anomaly
Zinc,Catalyst_B,Day,Local,Type_A,176.05476296470118,89.89778375036005,139.155052060628,1438.1562325314787,41.61709875092641,9.402035273716171,84.03863810797483,1.5004908218641355,28.406161180708548,4.37073698456368,76.03787170933313,45.30365236511733,33.22186316561021,19.69292432807479,0.9657680899767492,3,26,4,12,22,0,0,2022-03-30 04:00:00,71.90781162657395,30.0,56.20147568988613,20.0,1922.8518486498865,46.20340932840935,34.55685945670263,True,True,True,Anomaly
Zinc,Catalyst_B,Day,Local,Type_B,411.8346728564296,107.469192497099,38.38592853769859,1977.5438530619615,63.46628776404416,8.201423310452517,96.48484133097594,9.058794507830934,20.360680439486543,8.27001691299717,98.46559036753077,37.037130253072846,18.66333146725005,13.789313953101978,0.61652430455407,12,1,5,12,32,0,0,2022-03-31 07:20:00,98.87719265309808,30.0,28.95328440991937,20.0,3696.645989264067,58.245820253541666,31.158965219678535,True,True,True,Anomaly
Magnesium,,Night,Imported,Type_B,429.70761943472417,85.73777135658469,134.311341274827,951.0950541555632,43.84809179909005,8.994537658467447,84.80497395578101,3.602622400812609,13.59444370258562,3.9019923613233063,78.95003743346794,27.04457601947165,2.33475702172671,18.87900654100069,0.8753722437576738,6,10,5,8,7,1,1,2022-04-01 07:40:00,47.55475270777816,0.0,130.58836937419957,0.0,4144.669508182572,94.52337235502192,21.69068288110318,True,True,True,Anomaly
Aluminum,Catalyst_B,Night,Local,Type_A,223.25974914809936,117.28019745506356,104.40601091767606,1819.997155396619,49.11294257613381,6.284513615718704,96.45262828893225,6.792135804049753,19.718124436032134,1.9227553869806124,80.72551669487652,36.58376303296228,22.30626029086324,15.724997575886157,0.812475579589669,17,28,1,8,30,0,1,2022-04-01 10:20:00,90.99985776983095,30.0,15.83970636696104,20.0,1689.7956008467352,34.40631964226641,37.05738365351046,True,True,True,Anomaly
Zinc,Catalyst_B,Night,Imported,Type_A,487.5091343916257,63.22565005811994,103.16074515315664,1881.922946533903,54.32357492981431,4.831768175816832,82.18379909737892,9.257669748467908,29.587785142893274,8.85069214131422,77.08096463466295,41.53445374119005,9.310257992215,6.005619571538093,0.8172160623192848,2,8,3,12,47,0,0,2022-04-03 18:10:00,94.09614732669516,30.0,173.7112136036821,20.0,2804.6461758948462,51.628527384628676,34.64284058928991,True,True,True,Anomaly
Aluminum,,Night,Local,Type_C,88.8823134492333,111.8528239086468,33.08616090686796,1902.0939313145211,51.77670109535748,1.6701258885843189,86.47117436537735,7.477977133969277,21.844315946218444,4.424423285184307,96.16868819869032,53.7174959335725,35.49115358527411,12.791105895710793,0.9161806240332484,2,11,5,12,43,1,3,2022-04-05 21:00:00,95.10469656572609,0.0,24.049466413131064,0.0,417.89166678399846,8.071036932506857,36.73648361280149,False,True,True,Anomaly
Zinc,,Day,Local,Type_A,448.7914651493673,74.27814049806925,178.77813603332433,858.6409726330926,52.32343581781163,7.936892218110648,84.0286833032864,3.810876497116985,25.290873847439528,5.261419332100419,94.7762453343555,44.20824303141771,26.56179080724524,10.49856207731732,0.9548887957967848,12,24,5,12,34,0,3,2022-04-08 01:00:00,42.93204863165463,0.0,143.35581241365298,20.0,3820.501659331351,73.01702572885704,16.41025592476095,True,True,True,Anomaly
Magnesium,Catalyst_B,Night,Local,Type_A,402.6594453768816,143.20447358188932,36.44808349732669,1483.7614793584307,47.87118301429992,7.61441334297442,91.96966386310118,2.959642584485493,20.247559409732624,8.48762859207407,98.88565973292698,17.994546017135633,13.282627579169514,19.08647598172336,0.92870647870726,3,18,5,12,37,0,1,2022-04-09 07:20:00,74.18807396792154,30.0,64.66981390147225,20.0,3378.861789221861,70.58237495849096,30.994878044171298,True,True,True,Anomaly
Magnesium,Catalyst_B,Night,Local,Type_C,472.0083825279861,82.22429802876565,108.16480572969984,792.0277141169345,44.42856047784642,6.771372272269488,99.71101107101627,4.977224782284974,36.6342203296287,6.517308960254109,72.20529344814645,48.99150014024273,10.804356035330931,12.050141321567477,0.7946135407110999,19,4,3,8,38,0,0,2022-04-09 20:00:00,39.60138570584672,30.0,2.728103938762056,20.0,3339.916593363368,75.17499008388452,17.826994743884764,True,True,True,Anomaly
Aluminum,,Night,Imported,Type_C,463.42768291063726,64.95782726698589,178.6540827951907,1222.9687495298713,52.74619011758129,9.905983613950156,98.04651659674052,7.146898634433346,32.555181685185794,9.567430932372122,96.31995762796971,43.67178910403933,29.75461571618704,8.213305976121442,0.9644322132701156,3,7,2,8,41,0,3,2022-04-10 03:50:00,61.14843747649357,0.0,18.105965743538448,20.0,4830.741303078645,91.58464890658459,23.18591630606194,True,True,True,Anomaly
Aluminum,Catalyst_B,Day,Imported,Type_A,440.86595202828266,90.28216750606497,148.38197921295017,449.63502112414017,40.59257146776623,7.038192535064565,80.92112798619887,2.2859868954607663,32.548522111790845,3.6874834383067943,90.01007667493712,51.19006819779777,11.61132145505836,13.500994573918376,0.7839424238792778,14,10,5,8,25,0,1,2022-04-10 18:00:00,22.48175105620701,30.0,168.22450147980388,20.0,3393.290994400117,83.59389099295332,11.07678091990764,True,False,True,Anomaly
Zinc,Catalyst_B,Day,Imported,Type_B,387.6333987036761,118.62035997951952,174.1247908090858,1724.6681680746508,41.87980042700412,7.7678447706978595,84.1190761516927,0.0984430471833053,18.332902654372266,9.193835735927188,79.13496384178387,56.64648253588821,5.938214429205315,15.731697889612292,0.5207068658191942,15,24,4,12,50,0,3,2022-04-11 09:50:00,86.23340840373254,30.0,123.11952971747246,20.0,3402.255234971812,81.23857325685907,41.181384593289124,True,True,True,Anomaly
Aluminum,,Day,Imported,Type_C,359.8058484404308,139.83506992240393,123.47226675452217,1804.3732321669104,41.20383370050517,4.7279954185056265,95.14914784443276,2.449400354407328,25.970216058968425,3.2515716174705447,90.14505664393012,13.78765794910722,33.47811337703074,2.5748185058119866,0.5385131262101739,18,19,1,8,32,0,4,2022-04-12 05:30:00,90.21866160834554,0.0,34.907299509859286,20.0,1992.6010527061335,48.35960331239041,43.791391968092235,True,True,True,Anomaly
Magnesium,Catalyst_B,Day,Imported,Type_C,390.046515293943,129.80201686606782,139.9765852445101,1721.536054407304,44.3728668071929,5.543169478191553,81.3560784141552,3.230464767434691,22.869066209747523,2.7347070837944942,88.40217627879555,16.636805248646915,16.049183730359164,7.608443578147668,0.7281276808340349,1,4,2,8,7,1,5,2022-04-14 02:00:00,86.07680272036521,30.0,145.43993291944568,0.0,2591.463336907093,58.401981286613946,38.79704374043826,True,True,True,Anomaly
Aluminum,,Night,Local,Type_C,183.52210511544044,124.88617862681792,62.11037535767137,1828.962879553518,48.25048095479777,1.003334701824026,99.96700833315,2.3314203370650057,12.02006492247634,8.543359917885248,74.23230359615185,11.893733336956638,26.685261786463712,15.629471544088563,0.991846158211227,10,24,2,12,22,1,2,2022-04-17 02:20:00,91.4481439776759,0.0,0.1210940030315519,0.0,403.3597807410823,8.359704872557842,37.905588573654526,False,True,True,Anomaly
Zinc,Catalyst_B,Day,Local,Type_C,357.7672943624053,149.392690443253,122.06298536786028,513.6052809445589,44.59683682597784,8.564153035364729,81.46498322943152,0.5025014910144832,21.797493882382653,8.35950704862059,98.96813231631955,59.019480431985016,28.685813550717302,13.947135336197684,0.7229782019530648,6,1,2,8,25,1,3,2022-04-17 17:30:00,25.680264047227947,30.0,132.62445601936184,0.0,3297.282424494846,73.93534293387745,11.516630270185031,True,False,True,Anomaly
Aluminum,,Night,Local,Type_C,377.8155051991421,80.45700300932089,62.523568207940016,1767.9513004208045,41.37550624854284,5.662729946923124,94.71919666835784,9.648371212912627,26.59621699290377,7.317445999281531,80.73680301487411,35.454198688167395,10.87856186480494,1.3624930715030503,0.5718453687550253,18,27,2,12,5,0,5,2022-04-18 09:50:00,88.39756502104022,0.0,39.90338757203382,20.0,2436.7138649113263,58.892665875167204,42.72941797499017,True,True,True,Anomaly
Magnesium,Catalyst_B,Night,Local,Type_C,186.0254246879631,135.82022071529224,117.38098819163552,1821.2059838468529,40.84497857909937,1.743712411179672,99.33307215154166,2.6489194454631004,18.90966527688203,6.206044274405494,94.16519020868098,54.76820911438176,1.688114737496229,3.735868060947796,0.6838027815678915,4,24,1,8,42,1,2,2022-04-20 03:30:00,91.06029919234264,30.0,2.481310724913855,0.0,590.3900914621192,14.454410603222241,44.588246761347925,False,True,True,Anomaly
Magnesium,Catalyst_B,Day,Local,Type_B,498.3423838024213,85.78742642785244,44.68523234396365,1533.2382887529916,41.05304934116859,4.779168314291313,87.57999057313683,6.204297130142573,28.796307226377763,7.602795655353579,89.3917789390867,12.450801219816109,9.53759154774609,14.92335634868051,0.9474668839754444,6,24,2,12,47,0,0,2022-04-20 14:20:00,76.66191443764959,30.0,123.7883420926308,20.0,2762.8543721458955,67.2996139503641,37.34773210172815,True,True,True,Anomaly
Magnesium,,Day,Local,Type_C,475.3886271068032,115.7786726034058,64.69145568635864,702.7919570379441,45.18126409959451,6.222601243989396,83.11796975793432,5.9248013300755815,37.85917200213683,6.981257661503645,88.22277849706913,19.53742278879983,3.156214601751932,13.617433348169808,0.8206991150533651,3,23,5,8,41,1,1,2022-04-21 11:30:00,35.13959785189721,0.0,160.5105035910227,0.0,3189.846132702146,70.6010820252985,15.554942320532628,True,True,True,Anomaly
Magnesium,Catalyst_B,Night,Imported,Type_A,214.965186054278,63.93954465739873,147.7096563686511,1947.9426600464717,46.94758123701892,8.465380181293703,90.13830408260004,9.68318336346224,24.398257971398834,7.374987002614291,70.47276515702636,17.247175813280837,22.95958180779301,14.058292009957912,0.98174783536966,9,18,4,8,2,1,1,2022-04-21 14:00:00,97.3971330023236,30.0,42.398425953891966,0.0,2134.5385720504914,45.46642267413286,41.49186409012457,True,True,True,Anomaly
Zinc,Catalyst_B,Night,Imported,Type_C,204.9956716286176,99.75212029980452,72.16424014005403,1917.129657961352,48.88498310998824,7.131839493139553,92.56536355411392,8.839863519371436,36.57817689743952,1.8750145150557973,79.62555452573099,20.35569297130938,23.849849077993905,8.75794075562866,0.8213153256945056,5,28,3,8,9,0,3,2022-04-23 12:10:00,95.8564828980676,30.0,30.481365830780348,20.0,1788.9421863322914,36.59492286838435,39.21714882560002,True,True,True,Anomaly
Magnesium,,Day,Imported,Type_B,334.14922279199624,107.20728916881714,115.74878081394878,1938.1624309741776,44.84973554387193,9.898427288894656,82.37338901628962,9.23780886641772,25.732790811464824,2.1599940505590114,90.7772766961789,58.943293452034666,31.60051669383258,10.636696462228295,0.9983226057752574,11,22,5,12,34,1,3,2022-04-23 15:40:00,96.90812154870888,0.0,117.79836721327374,0.0,3691.1853432079342,82.30116183399171,43.21457880344179,True,True,True,Anomaly
Aluminum,,Day,Imported,Type_B,494.27420699608257,61.48101462504285,167.80870548322568,1697.2647777759692,44.37661104301,4.191029259898817,91.76750105644072,8.824629065792921,32.855672266024925,1.9838729973016849,96.74580092148013,43.674072220203584,31.92693808669258,11.415117236572335,0.5432196732443288,1,22,1,8,42,0,4,2022-04-24 19:40:00,84.86323888879846,0.0,81.38223773847696,20.0,2391.278065521151,53.88600006439234,38.2468317855767,True,True,True,Anomaly
Zinc,,Night,Local,Type_C,327.19491246724067,117.84254106717408,44.731391974090585,1730.897063629659,40.97760703072592,7.016427820416521,88.38621237277634,7.718760195229669,35.23815177236813,7.0383130823674245,79.04016785852973,26.69292805035504,13.755625890677493,1.1135920706573876,0.984423041236711,7,9,5,8,10,1,1,2022-04-26 11:50:00,86.54485318148295,0.0,75.99944452205136,0.0,2593.5674658623607,63.29231143042702,42.24007181121616,True,True,True,Anomaly
Magnesium,Catalyst_B,Day,Local,Type_A,491.2068801301102,111.78377764256716,172.74409984246728,246.5398233918827,59.907197868578464,9.127547234692065,98.81670126842562,4.439085231070403,24.1001884300392,3.844007091686332,83.28847589141175,19.689192076204577,10.145841854194062,0.8230531176276012,0.6699376937433169,6,6,2,12,27,0,0,2022-04-27 01:50:00,12.326991169594136,30.0,11.62488956397134,20.0,4543.730740953773,75.84615709987958,4.115362296409355,True,False,True,Anomaly
Aluminum,,Night,Local,Type_B,366.02557646530977,74.13497628500247,102.0754658197239,1674.4291680159072,40.50807058017144,5.303337307798354,90.20031240896348,2.4206528199334887,16.423670642498838,1.748460556965571,90.05726403611132,21.07687704535648,35.56006415999554,12.270405933710704,0.9583076983422852,5,26,2,8,52,0,2,2022-04-27 03:40:00,83.72145840079537,0.0,71.73872599378171,20.0,2256.3224872024525,55.70056669909414,41.33569296276319,True,True,True,Anomaly
Magnesium,,Day,Imported,Type_A,318.34196649365555,66.24603670417933,102.60535805088428,1723.015679064014,50.67797723339723,7.749859563254053,90.80589250499784,4.1465343930771015,14.090300767827554,5.883662488292051,81.595871842745,52.89718732449385,36.903932067564,11.450540489512449,0.9065765557110111,1,4,5,8,28,0,4,2022-04-27 09:30:00,86.1507839532007,0.0,58.537405202260885,20.0,2768.7937728840798,54.63504906938986,33.99929857359286,True,True,True,Anomaly
Aluminum,,Night,Local,Type_B,493.6425604419789,69.55033065632446,152.66743081169082,1672.5582562189816,61.653040373514834,7.174115182339914,97.16508100280818,4.680405926626705,32.44962816542886,7.0756554864493415,94.44291345770525,21.58670526047878,28.01324278575965,3.882236672438182,0.5741360868057167,1,13,4,12,2,0,0,2022-04-29 13:20:00,83.62791281094908,0.0,27.9887334483875,20.0,3792.433133490989,61.51250790739848,27.128560831486357,True,True,True,Anomaly
Zinc,,Day,Imported,Type_C,413.0275001169769,85.89876891316175,168.30609189272624,1688.2690008815257,46.71583068114575,8.927815648814558,82.83624818560335,6.802492042918978,17.742230953954262,3.196098892169655,85.65117597563297,53.6080360415848,12.419322283046178,2.569843900771447,0.5094972250222983,4,17,2,12,4,1,0,2022-05-01 04:30:00,84.41345004407628,0.0,141.78203009056946,0.0,4030.7645536297214,86.28262614318695,36.139119785852415,True,True,True,Anomaly
Magnesium,Catalyst_B,Night,Imported,Type_B,452.14080450565694,98.97680266405794,145.50900048756478,1118.4240662729735,46.15450628604765,9.463619305850765,96.62883515800334,7.896528799145706,24.07988537053751,1.6286196977534255,81.50173024525165,38.35441129726173,27.783001242135228,3.7912641455446017,0.6649758659170786,7,10,2,8,42,0,2,2022-05-01 22:50:00,55.92120331364868,30.0,30.484823675631063,20.0,4511.783749263946,97.75391640637793,24.232174846404313,True,True,True,Anomaly
Aluminum,Catalyst_B,Day,Imported,Type_B,300.772710147109,132.70336029739258,37.752768581855605,1843.465271648758,54.09114128138439,8.918933185149697,80.69253912640532,1.9710180307303429,20.17297041071199,9.686364383887073,84.19752957289217,30.77220528813295,6.350964120140108,13.502931434294146,0.6495276763840205,1,3,1,12,8,0,1,2022-05-02 10:30:00,92.17326358243793,30.0,116.14314666020678,20.0,3055.653602077261,56.490832504006946,34.08072427348083,True,True,True,Anomaly
Zinc,Catalyst_B,Night,Imported,Type_B,483.9960851160165,55.55910190942922,73.21832738675981,174.93047628552563,55.25914055030009,8.849174660682024,83.51875756298405,7.994460876300605,21.459143719439247,8.823769459584739,74.43979505918117,56.449133465477736,18.790240934860098,17.412161249697963,0.5362807552879656,1,2,1,12,46,1,1,2022-05-04 06:30:00,8.746523814276282,30.0,159.53713634727353,0.0,4522.578988115291,81.84309316209101,3.165638743988313,True,False,True,Anomaly
Magnesium,,Night,Imported,Type_B,385.7227057259576,70.6527193404888,62.26640121170942,1554.149956799831,60.68683832718612,9.907229472506494,86.84368547741548,2.799849606453443,17.14623076436565,7.782592670424628,91.4793651397136,29.961883394822834,31.24260093090724,4.028129201745186,0.9860658816385104,15,20,1,8,10,0,0,2022-05-05 14:00:00,77.70749783999156,0.0,101.49378470066024,20.0,4141.263416001751,68.23989402240078,25.60934132737003,True,True,True,Anomaly
Zinc,Catalyst_B,Night,Imported,Type_A,441.04925951348326,140.28756667476824,49.63114562513535,1982.6695075590608,52.79965672443639,4.590968118855381,95.59647898830484,9.628486492348372,27.65526435774048,5.752863410307148,89.71330955457452,14.905864456916426,17.947551835413925,6.781401852169897,0.8458402100369411,13,8,3,8,15,0,4,2022-05-06 21:20:00,99.13347537795303,30.0,38.84339362920416,20.0,2390.849285875197,45.2815308696634,37.550802989244715,True,True,True,Anomaly
Magnesium,,Day,Imported,Type_C,303.7100165742822,52.44928901843768,140.97285670610367,1857.292075755803,47.33880166657444,5.616287598364266,91.49546299369618,1.74290979436018,31.630495186623023,6.4403240393988295,76.56366284469657,40.69953063198911,14.24480559083104,13.064181073509625,0.7143737784596762,12,15,4,8,16,1,0,2022-05-09 16:40:00,92.86460378779014,0.0,51.65826150282262,0.0,1972.69055269409,41.6717467118943,39.234032344913,True,True,True,Anomaly
Magnesium,Catalyst_B,Day,Local,Type_A,215.7153844062497,127.48432806638816,81.7804672462124,1711.578586092701,42.87297238653352,7.621801906360653,94.87190371661669,2.5233432953757906,24.75401818542492,2.071083833748534,85.84596292236367,55.730517561958095,32.39807053011352,15.525933968456329,0.6534506785481281,17,28,3,12,41,0,2,2022-05-10 06:20:00,85.57892930463505,30.0,22.124185220845924,20.0,1955.340834737752,45.607773986576404,39.922088225222076,True,True,True,Anomaly
Magnesium,,Night,Imported,Type_A,450.3443989857867,134.0175001506422,122.58084444826356,272.539556653264,45.6043826963651,7.753016651860797,98.61188411412935,7.7643998569021475,26.34785537641995,3.024604735320653,78.8671283563236,14.254613169436738,2.860444529459767,1.8225950064037224,0.8100660767935468,19,17,2,12,12,0,4,2022-05-13 07:00:00,13.6269778326632,0.0,12.502604286900764,20.0,3565.582339733903,78.18508066370775,5.976170283190497,True,False,True,Anomaly
Magnesium,Catalyst_B,Night,Imported,Type_B,475.8436698108504,59.4097548568688,161.70135785264108,1552.0712591645492,43.43705447427229,8.992281696036002,91.60628969227538,3.3675594672549347,11.969126093047745,4.934943311960843,79.57662881758553,24.551487104697017,30.754727116898515,19.555207626708818,0.6277040708407697,1,29,2,8,14,0,2,2022-05-13 11:10:00,77.60356295822747,30.0,79.88187832313693,20.0,4603.539634007453,105.98185557757199,35.73150338920516,True,True,True,Anomaly
Zinc,,Day,Local,Type_B,382.5096663309116,107.58624014429476,174.32705010169678,1848.738528243984,45.85093723980803,6.486808434654552,97.14222956635744,6.689310767360478,16.954784993620116,8.387850775917814,81.12959377743746,12.268146843325164,29.74761680345448,15.778434886832724,0.7444205911690374,10,2,3,8,43,1,4,2022-05-14 18:00:00,92.4369264121992,0.0,21.86249630045928,0.0,2734.207304318921,59.63252812082252,40.32062678620448,True,True,True,Anomaly
Magnesium,,Night,Local,Type_A,448.7038608136149,110.0815006668748,140.9925243554528,1269.8343073207643,53.846943283440986,8.641203304732496,87.96592340594984,1.0679055660891157,20.131446359668928,5.026274660554941,71.62063615659818,36.80527188423753,36.25932079588181,19.389236575603384,0.6456147076996628,11,15,2,12,48,1,2,2022-05-14 19:20:00,63.49171536603823,0.0,107.99473258154129,0.0,4143.837486581501,76.95585364556459,23.582291396497222,True,True,True,Anomaly
Zinc,,Night,Local,Type_A,483.9767120117794,67.84004236850348,178.30886261680538,1419.082347145706,41.15851413431204,9.30673899497928,86.79828900117481,2.58399040750228,30.476565264264448,2.545318728676981,86.90828178627842,54.93906220454661,6.989999505097511,18.406529225281385,0.7143560970926179,16,3,4,12,52,0,5,2022-05-17 09:20:00,70.9541173572853,0.0,127.78641364282318,20.0,4843.526295329542,117.6798141819145,34.47846398232048,True,True,True,Anomaly
Zinc,,Day,Local,Type_A,413.8921366174963,76.88595004529867,88.57095146626688,1976.678244309952,43.22283916571181,1.6550829151348805,82.19189885307033,8.964194819951151,39.76762798996292,7.497609001576083,97.63557588320953,54.19225362063968,26.43817681989601,4.850561557726953,0.8735995123730347,12,15,1,12,44,0,2,2022-05-18 05:50:00,98.8339122154976,0.0,147.41266065606422,20.0,1154.4595641498777,26.70948013673515,45.73226290692234,True,True,True,Anomaly
Aluminum,,Night,Local,Type_B,478.7006778406088,58.60055632035426,103.45601990289276,787.7206977393098,40.09279851946605,7.287768736666766,94.09673788567628,3.221292270659232,39.74476656142882,7.375897441888551,84.05577362308787,47.38663709046556,30.686721627194885,7.728117758566859,0.7207303690019766,12,4,3,12,35,0,0,2022-05-18 13:10:00,39.38603488696549,0.0,56.51791151195106,20.0,3684.107358452403,91.88950371383223,19.64743611890429,True,True,True,Anomaly
Aluminum,Catalyst_B,Night,Local,Type_B,454.4714306263076,56.384468289003706,80.88853604916093,1943.3620632993368,57.721119706725695,5.32545097658772,99.60188994043884,9.306956166499836,32.62629084151266,1.848245879625189,71.37717635088063,14.284244932279696,13.238076694406718,8.025849332008066,0.8692496342555396,13,19,5,12,39,1,1,2022-05-19 20:10:00,97.16810316496684,30.0,3.618592966309726,0.0,2693.7022947132173,46.66753362373436,33.668128289494966,True,True,True,Anomaly
Magnesium,,Day,Imported,Type_A,484.5637812893535,65.13725171899947,179.039565327026,158.81209819459394,66.19603307322487,9.223277330629774,82.38848122081308,0.3553143187236907,29.652060932067627,8.788057719639337,90.91663670156846,38.92863943992281,16.789315566674322,3.779363887900553,0.9970116285559876,4,28,2,8,43,0,1,2022-05-20 17:40:00,7.940604909729697,0.0,170.67808267782544,20.0,4700.813200965519,71.0135182234495,2.3991180561970964,True,False,True,Anomaly
Magnesium,,Night,Imported,Type_A,195.04606852256163,98.2119035396212,140.02730190709025,1966.5568831708952,46.1873969732659,1.6098116256063668,95.31354477529192,5.978123243152925,12.421067610922773,7.327367955370583,70.38646675731087,15.544701169611365,9.26255822221863,8.522988396943026,0.7331906729853215,8,24,4,8,6,1,3,2022-05-21 15:10:00,98.32784415854476,0.0,18.28149333772657,0.0,569.9245876871463,12.339396134773063,42.57778121397865,False,True,True,Anomaly
Zinc,,Night,Imported,Type_A,483.55883014336894,84.62975533464692,96.715944687642,1594.7520308432447,44.74716428854397,5.0321823633608265,96.70209005304832,2.9666851831449903,18.98324050749573,1.7377943576172037,92.60529218872632,18.022053851500026,34.51396619522513,0.5944152253337731,0.888608788301893,19,21,4,8,9,1,1,2022-05-24 02:10:00,79.73760154216224,0.0,31.894669517322605,0.0,2709.16721560014,60.54388604673509,35.63917526839859,True,True,True,Anomaly
Aluminum,,Day,Imported,Type_A,447.592871613912,126.01807540579792,115.94292880774294,1889.3479994547915,50.62900061086528,8.752198681208128,90.67606022935672,8.796193102359178,25.671616340678582,3.309999389789724,94.48728984083672,31.91751984659357,36.19057398108681,19.64609902194154,0.6507736651790796,5,11,2,8,41,0,2,2022-05-25 05:00:00,94.46739997273956,0.0,83.46657953394786,20.0,4278.289130083668,84.5027371361054,37.31750531629744,True,True,True,Anomaly
Aluminum,Catalyst_B,Night,Imported,Type_C,316.4813198622206,55.52185394322596,77.29908327972893,1628.4806748228882,40.60615933087126,3.235541930446725,99.81063335872643,0.5527050532401734,29.25442873516057,5.986464733110756,76.80140609763312,38.11460498743142,3.040421330440779,3.724407981052673,0.7853334481433449,7,27,3,12,11,1,2,2022-05-25 17:10:00,81.42403374114441,30.0,1.198620091362558,0.0,1268.6356088759308,31.242442766839986,40.104277322894184,True,True,True,Anomaly
Aluminum,,Day,Imported,Type_A,259.44387469424265,81.7336933934632,100.9702626661646,1421.37435952504,41.39128874346655,8.401559564691212,83.70510860014456,9.516825736107338,23.584987207394263,7.040248127942105,99.0880260605148,39.13259023678728,23.092684136789764,4.030697364409425,0.5338206473906444,5,26,4,8,36,1,2,2022-05-26 05:00:00,71.068717976252,0.0,84.55219525000778,0.0,2479.723616002043,59.90931162764187,34.339939699253705,True,True,True,Anomaly
Zinc,,Night,Local,Type_B,455.02540566902496,57.87387509245353,82.4150478005602,714.5479242609462,43.591772689249936,9.670770987021234,98.698643394256,8.586996910773582,28.54839647917469,3.627367306759003,79.93908211328039,25.04473811961301,22.22838150083382,0.1969342604907487,0.9331615655980974,13,19,4,8,28,1,2,2022-05-27 18:00:00,35.72739621304731,0.0,11.843006348974656,0.0,4511.430572960445,103.49270733082616,16.391806989697372,True,True,True,Anomaly
Zinc,,Day,Local,Type_B,385.7987887970352,68.76248357857253,119.57636091742086,1847.1989146340416,41.21138113520665,9.062652763733167,97.3276307104474,3.6612773448700353,10.542010228397686,5.010632416256813,92.3005825063805,58.554796666671926,32.356779082791256,13.637137237915272,0.7385055935861407,3,12,4,12,38,0,2,2022-06-04 11:40:00,92.3599457317021,0.0,20.61993670255565,20.0,3821.631630428595,92.73243276876728,44.82254328176325,True,True,True,Anomaly
Aluminum,Catalyst_B,Night,Local,Type_B,475.2567330464837,137.52456729988745,165.1679427940363,1350.1396507196794,48.812893733488,6.490800308301523,95.4659148752127,3.3705923766669352,38.74805239308229,6.278387132840717,85.67827093218735,15.64683962335547,28.536358999701136,8.477874100499596,0.89401724938648,8,9,1,12,43,1,2,2022-06-05 00:50:00,67.50698253598397,30.0,43.09708967522142,0.0,3383.1007481655483,69.30752285731788,27.65948804615569,True,True,True,Anomaly
Aluminum,,Day,Imported,Type_B,421.6210133942708,63.95823565848456,165.14371183985904,1933.99163871127,56.51969135843828,6.460263575644593,92.87389417151016,0.2896983101013728,10.293437917429037,2.1163312577599123,86.03554715272388,41.87265020817623,14.469719516298518,14.69461370610414,0.5412574795057887,5,21,2,12,49,1,3,2022-06-06 08:50:00,96.69958193556351,0.0,60.090319219254,0.0,3044.2590796228515,53.86191973902825,34.218014858683915,True,True,True,Anomaly
Aluminum,Catalyst_B,Night,Imported,Type_B,298.510072609163,52.81130800433381,179.965866648328,1847.8145217324895,40.12244690299431,1.8668052372895567,83.8807678746563,7.916970492960052,34.22694613219132,9.49507183013344,89.457972910504,39.43231495773861,15.953954103545058,3.268649435971596,0.801101690054506,2,16,3,8,39,0,1,2022-06-06 14:20:00,92.3907260866245,30.0,96.235063042806,20.0,953.2461791801128,23.758425837906028,46.054382630252505,False,True,True,Anomaly
Magnesium,Catalyst_B,Night,Local,Type_C,451.574514512062,84.43815750205117,59.39641971176373,1446.4883791072762,64.81519889747622,8.839257775421853,96.97383350556274,7.38066256106354,22.59034376129258,3.76668531597328,80.42217350338917,31.466591656021137,28.712201286179223,15.841837947135907,0.5235797769309853,16,6,1,8,16,0,1,2022-06-08 05:10:00,72.32441895536381,30.0,27.330793311163536,20.0,4236.941558179291,65.36956809900755,22.317117029839117,True,True,True,Anomaly
Zinc,Catalyst_B,Night,Imported,Type_A,366.7463420038639,70.54320152054228,95.34406329568635,1913.450001541761,51.30632321364634,4.810442597032168,93.8446245288285,3.2759981506083182,16.593662746444572,1.0438482094921984,92.79379408588004,21.74523951201013,16.469674880943394,15.482647466130144,0.8956474017150446,12,28,4,8,4,1,1,2022-06-09 01:30:00,95.67250007708805,30.0,45.14922875424914,0.0,2099.932450440706,40.929310831655364,37.2946233853847,True,True,True,Anomaly
Aluminum,,Day,Local,Type_B,409.2438423771106,56.34967981407476,174.0496806364597,1628.080205654168,42.15484470656542,7.429204794480411,88.61163314931291,8.288657105732506,12.810775826264678,3.1417546933415714,91.83256379726592,19.3528353968126,22.73466696318693,19.57666696580923,0.9507496115059078,1,12,4,8,49,1,1,2022-06-14 04:30:00,81.40401028270841,0.0,93.212380167506,0.0,3339.642895360961,79.22322851875735,38.6214257693755,True,True,True,Anomaly
Aluminum,Catalyst_B,Day,Local,Type_B,202.3011064673288,147.9218817701941,119.89228039830748,1879.920390465444,45.27963996017109,8.95544658450676,95.24115395479764,6.3332083789284885,33.12859360148239,8.482758078703956,78.46191374357124,47.24164750574291,38.71847130241243,12.024972903345828,0.7386621260623607,14,8,4,8,26,0,0,2022-06-15 13:40:00,93.9960195232722,30.0,19.25439640904213,20.0,2105.9924183538537,46.51080309398061,41.518006594554656,True,True,True,Anomaly
Zinc,,Night,Imported,Type_A,108.80465106678884,85.543589019313,147.68220964285163,1947.3429639446565,43.24775999494312,2.556682057171934,87.65607517096223,8.904365310624312,22.736573974541635,1.9193683175041911,80.52409439234374,29.98822387273523,12.578692173698208,6.174948969980805,0.5955874436098174,6,12,3,12,28,0,3,2022-06-16 09:00:00,97.36714819723284,0.0,26.86152867636253,20.0,577.8780730642036,13.36203477663985,45.02760291336143,False,True,True,Anomaly
Magnesium,Catalyst_B,Night,Local,Type_C,344.6134872028509,77.78544092789778,53.38998858915561,1849.658915348084,50.56051548063442,8.824276742585429,92.87851785301022,6.979810597002205,35.34521593457128,4.172118792741826,99.69623853644136,47.11271266535186,17.301180283825722,0.4284553775689659,0.5695736336619914,19,8,3,12,21,1,2,2022-06-16 17:50:00,92.4829457674042,30.0,49.08317593453985,0.0,3376.183530947594,66.77510106163243,36.58307075719068,True,True,True,Anomaly
Aluminum,Catalyst_B,Day,Imported,Type_B,369.134886917955,121.89370076915178,158.18037645233298,1808.8407194217652,49.48368000120392,9.044169209040376,84.21832086572601,2.0209983678508903,32.85842194859831,8.66111862898914,97.38486313049484,53.63264809854034,6.526677219118273,8.69214081293999,0.8396985595067126,18,22,5,8,44,1,1,2022-06-18 07:40:00,90.44203597108827,30.0,116.51136685211354,0.0,3757.254391162798,75.9291627274161,36.55428859328483,True,True,True,Anomaly
Aluminum,,Night,Imported,Type_A,391.21487490264616,116.08192341382158,38.84748535148864,162.34035706793836,49.05466123251189,9.685795325449163,99.7549539047942,4.821851867097021,30.572956961769155,3.483015897521165,93.7504728499528,53.01353523859362,32.25191944088781,13.93346983609474,0.7874436898004777,7,15,5,12,16,1,4,2022-06-19 02:10:00,8.117017853396918,0.0,1.917313549626404,0.0,3841.1690429709274,78.30385424056544,3.30937678477625,True,False,True,Anomaly
Magnesium,Catalyst_B,Night,Local,Type_B,461.007500705535,93.42632254906488,62.49030205086802,909.7367857192496,45.22081691382497,6.119677792152085,85.7709285917035,7.846065089926667,35.92013337177505,8.906929037565583,73.92183475387652,15.5531142381063,2.817564643585353,1.8833457600958117,0.6916078844539209,10,26,1,8,15,0,2,2022-06-19 11:20:00,45.48683928596248,30.0,131.19417294598713,20.0,3158.248728454176,69.8405943101977,20.11765482814893,True,True,True,Anomaly
Magnesium,,Day,Local,Type_A,481.43191347388574,117.20179617220788,98.74007601258684,1787.753316826518,67.25800361025068,8.267696289117783,97.65693183153792,0.0610633377926828,27.19837855862411,3.3660645289693,83.2332066078172,24.95336366014584,30.540478807637182,5.680846279617418,0.5410614145966273,9,14,5,12,18,0,5,2022-06-21 04:10:00,89.3876658413259,0.0,22.56055583484905,20.0,4234.360872605235,62.956981255980715,26.580529020549896,True,True,True,Anomaly
Aluminum,,Day,Imported,Type_C,463.64407840918665,141.73706435940443,92.5902353159875,465.4250439355173,44.67121025035818,9.7132319651972,99.2175869125072,4.820420079482704,32.74206460245309,9.48571987335824,83.22336857593896,49.62605324613438,32.8717004870403,10.22832553382984,0.8995960694550568,11,10,1,8,46,0,2,2022-06-21 08:00:00,23.271252196775865,0.0,7.255223897717869,20.0,4586.315093872625,102.6682525091393,10.418903838222862,True,False,True,Anomaly
Magnesium,,Night,Imported,Type_A,416.5980946031383,63.69045653952476,146.20599049586298,1198.2608412835548,49.43612955238601,6.8736134804070845,94.49692629512522,6.049081521073552,21.352671701889637,8.521462473990729,89.18698694624646,14.18180516090017,2.176497290080568,18.49037566278618,0.9055933768470332,11,26,1,8,48,1,5,2022-06-21 12:30:00,59.91304206417775,0.0,45.85140039822936,0.0,3108.9564815309386,62.888347240786096,24.238565035998484,True,True,True,Anomaly
Magnesium,Catalyst_B,Night,Local,Type_A,95.359948932645,60.9452082218107,126.38807672077732,1922.5641100906016,46.387065730684505,8.996881002565054,99.02082070773967,3.1435107409353344,21.961026616524272,7.000575258253325,88.9037238678489,38.27827771400775,7.095443993565453,13.46927750712394,0.8872680469371607,19,5,5,8,23,1,1,2022-06-23 03:00:00,96.12820550453009,30.0,1.867489746116959,0.0,1159.7892881409991,25.002428368169276,41.44612468597788,True,True,True,Anomaly
Zinc,,Night,Local,Type_B,145.35489739770154,92.04783233224433,37.25676381426344,1764.8988971451329,44.42770947753197,9.521410398359777,91.55633045120722,4.275644158862412,19.873217902999087,8.189410544728698,92.764683725358,31.048881148654647,14.94456757700107,13.676024770129072,0.8313138747346853,16,28,5,8,42,1,2,2022-06-23 14:20:00,88.24494485725664,0.0,24.54657441849745,0.0,1669.9891498954787,37.588909478667304,39.72518317735195,True,True,True,Anomaly
Magnesium,Catalyst_B,Day,Local,Type_C,420.958650780213,139.22389425911518,34.398219648259285,1038.679774840307,53.30493225512659,9.638047245431956,95.84108709194416,4.384321288021727,17.417249531888643,5.065617904429567,82.0212314760405,40.24841889729434,16.450399341510472,13.419724408749092,0.8312438070333034,11,11,2,12,10,1,0,2022-06-26 06:40:00,51.93398874201535,30.0,35.01460732975211,0.0,4278.320055480419,80.26124177409405,19.485622266041098,True,True,True,Anomaly
Zinc,,Night,Imported,Type_A,441.6501875945822,120.73141697664347,45.20636117071009,1870.9788572655743,45.227154294951816,7.497117705119073,87.13547013765766,4.505132786199988,39.70610781985782,8.254737019309376,91.10929867593153,30.610655115176908,25.14926243347097,18.239949854343102,0.9358538973612188,14,9,5,12,47,1,0,2022-06-27 04:20:00,93.54894286327874,0.0,113.63244054039193,0.0,3668.4634377937487,81.11196680360712,41.368485071244244,True,True,True,Anomaly
Zinc,Catalyst_B,Day,Local,Type_A,458.10356671529513,111.49695595666024,94.392089871064,901.0692302807878,51.30904616478762,7.660650422753706,86.41700769972776,2.877750948458637,13.019756607160748,8.935104543518017,72.23385549424215,42.61301231749735,9.226341295025016,11.205887487136696,0.8701823532908429,19,22,4,8,24,1,3,2022-06-27 16:30:00,45.05346151403939,30.0,124.44834438842204,0.0,3774.580428995049,73.56559342133062,17.56160555756294,True,True,True,Anomaly
Zinc,Catalyst_B,Night,Imported,Type_B,455.7199809970937,99.9777806829986,52.90250811501825,1649.6743292119218,52.36979501127135,8.738971699048525,96.99477350366227,4.311734511369254,36.19839539483426,2.3377343085037494,85.6773517571431,49.13475221713704,22.61137525526516,10.81425306760325,0.9421778051116324,17,5,4,8,21,1,1,2022-06-28 09:00:00,82.4837164605961,30.0,27.390835236059875,0.0,4271.41607309224,81.56258912552397,31.500492389876047,True,True,True,Anomaly
Magnesium,,Day,Imported,Type_C,438.2409279375867,73.71047040790482,37.70647572330697,1120.9507824736663,47.07026824220727,8.547755012181407,87.10084675826302,4.444547110447912,28.241509515329493,6.537262795365274,86.17055861565028,45.08092266708324,5.529529081015867,2.97757933157333,0.697097045458609,7,13,5,12,37,1,4,2022-06-28 09:40:00,56.04753912368333,0.0,113.0587377253589,0.0,4011.180450183169,85.21685981356694,23.814412458956948,True,True,True,Anomaly
Aluminum,Catalyst_B,Night,Local,Type_B,393.50302972999737,121.0538370995127,112.46101706060432,1832.6550780586483,44.97062464995312,2.6548996462169896,89.00438668966768,3.259234222483208,39.39896583916682,3.4205569332687222,84.23710345302537,40.36975102438052,0.9284933298482168,3.4783790517113444,0.5830450419466267,17,13,2,8,33,0,2,2022-06-29 10:40:00,91.63275390293242,30.0,86.53614302710507,20.0,1430.0380596908124,31.799381725784034,40.75227089514218,True,True,True,Anomaly
Magnesium,,Night,Imported,Type_C,421.0309290012027,78.79074524087598,80.08091643485402,1951.0625922777847,73.88380282001107,9.838086299559563,86.93980451418301,2.5200800865672,29.700069992575724,1.2260226419322688,96.87486660696736,40.35157475730699,9.40008349527151,0.6819911894656316,0.9271835393534524,13,13,1,8,34,0,3,2022-07-01 09:30:00,97.55312961388924,0.0,109.97492476661688,20.0,4540.353754382423,61.45262670687398,26.40717610368248,True,True,True,Anomaly
Magnesium,,Day,Local,Type_B,435.8294805481202,105.0372989652394,135.22745307738285,130.01849529804096,44.540362707778925,7.1265387501452855,92.17377707215245,5.277550549464171,18.08267424779888,5.6341422177423,85.19216056109622,22.290317140257468,11.907388055384631,0.6292737384884473,0.9372578159625942,15,24,3,12,2,1,4,2022-07-01 22:30:00,6.500924764902049,0.0,68.21797346595172,0.0,3210.310457852389,72.07643276087897,2.9191162216407673,True,False,True,Anomaly
Zinc,Catalyst_B,Night,Local,Type_B,75.3891501084238,106.81343885973185,101.61792377574076,1963.950470351432,49.81251887230442,4.233897215776216,84.14433836841017,2.3059651103162104,12.180194252356916,5.987159848071395,75.54880601916871,51.28241886513021,11.168697389400531,16.238451957301777,0.5002660587790068,2,16,1,12,37,1,4,2022-07-02 05:20:00,98.1975235175716,30.0,23.906897096246023,0.0,605.6670169575523,12.158931743849253,39.42684519500139,False,True,True,Anomaly
Aluminum,,Night,Local,Type_C,415.9734063136461,145.837090625778,164.57932871577287,1190.6927129653986,47.89649199412948,7.973886695021612,90.5287445363951,6.545207011559741,37.44040789811818,1.0647066778378829,78.84564116601608,52.25881483429006,27.07066794916292,0.2444343235768808,0.9492280844204116,19,29,3,8,1,0,0,2022-07-03 13:30:00,59.53463564826993,0.0,78.79580794524924,20.0,3599.1297653734896,75.14391170473661,24.859706074326656,True,True,True,Anomaly
Zinc,,Night,Imported,Type_A,159.22502273321024,108.6558261712834,93.26529490681594,1685.7580625336395,46.26936177806217,9.255593733060792,90.53873621361632,6.591181251945523,19.9826284359396,5.429601798464073,91.75727524926452,15.66269566045619,16.28521985856326,17.469675119823513,0.582240156589324,6,26,1,8,32,1,2,2022-07-03 19:50:00,84.28790312668198,0.0,30.129398829436763,0.0,1733.492231388902,37.46522892846142,36.433570677279434,True,True,True,Anomaly
Magnesium,,Night,Local,Type_A,412.0900322253066,147.7102460217147,65.79719591725481,1490.129537790104,50.49990624100831,8.519051917298494,81.14416423003614,9.042387080295658,25.60198587726416,7.858643778056798,90.16840418047552,34.426042151790554,33.68781451102024,7.033395406046505,0.9600560120084028,8,15,3,12,8,1,1,2022-07-04 12:00:00,74.50647688950521,0.0,155.40603940158988,0.0,3879.921435903461,76.83027008776466,29.507570383963373,True,True,True,Anomaly
Magnesium,Catalyst_B,Night,Local,Type_B,404.87630409693054,53.91488496788072,58.409896847323054,322.02098746520164,42.58513724423843,7.762205148922748,85.03222389186516,1.6072596823875085,33.640178050411635,9.738243422441656,79.92603863615174,58.35471376986605,22.94515512663964,12.540255826570585,0.5244550459420463,17,12,5,12,42,0,2,2022-07-04 20:50:00,16.101049373260082,30.0,121.2019574242395,20.0,3350.7996198870437,78.6847204617238,7.5618163590342675,True,False,True,Anomaly
Aluminum,Catalyst_B,Night,Local,Type_C,420.0082821614156,63.38897275234237,48.03961235081809,1164.5605017469318,49.90464954999386,9.783042862902718,90.21978575819386,3.5896267541484104,29.83443806260344,4.226469267654663,72.79274186508151,20.95807977139281,27.243792717207963,12.398665630729315,0.8163925421885064,6,23,2,12,35,0,4,2022-07-04 22:50:00,58.2280250873466,30.0,82.15541965743218,20.0,4382.507356903078,87.81761612237626,23.335711446691743,True,True,True,Anomaly
Zinc,,Day,Imported,Type_B,299.9356268575588,75.36175510867895,140.55107074054388,1203.1657523746665,47.39595880988136,9.35171818868252,91.3588840668048,9.094957540777353,29.61971635748482,5.103874586250121,71.78360000601417,34.57476446794736,12.858649883698924,13.412558716260936,0.8642046924306177,9,13,2,8,21,1,1,2022-07-05 11:10:00,60.158287618733326,0.0,51.83557048343488,0.0,3038.6767364186985,64.11257020050367,25.38540800917027,True,True,True,Anomaly
Magnesium,Catalyst_B,Day,Imported,Type_B,453.8467941142774,103.59087116575434,117.58170260147342,1684.513005224079,54.13051485706646,6.743952917803054,95.25122809390818,5.450566672443199,19.188825367465338,3.164100161572847,98.35622368973534,16.342736046712368,17.845200786989306,9.654132137705329,0.7081869205540205,14,3,4,8,15,1,1,2022-07-06 16:00:00,84.22565026120395,30.0,43.104298111194375,0.0,3366.7128247877204,62.19620917476298,31.11947133095067,True,True,True,Anomaly
Zinc,,Night,Local,Type_C,409.8233122433966,141.70881836531888,114.55172599638968,1192.263504283466,47.684181019264365,9.577631317144244,95.054116491101,6.838055014659682,35.311069708044656,9.176239121926884,93.23419722732228,14.119897044951191,23.334322321594374,10.896981174516087,0.8177638299373993,3,11,4,8,4,0,3,2022-07-06 19:00:00,59.613175214173296,0.0,40.53876723173949,20.0,4127.906199781439,86.56762287924728,25.003333994596506,True,True,True,Anomaly
Magnesium,Catalyst_B,Night,Local,Type_B,367.6182103070574,87.53761283019084,178.0896821254145,694.5953679340286,50.399796059591225,9.764138914076833,84.44019482293892,3.0760531680867187,34.79389331654856,3.79465144947151,91.37984331290048,49.99735937286907,17.866216080152526,18.78786473122817,0.5101773127370787,7,5,2,8,3,1,1,2022-07-06 19:40:00,34.72976839670143,30.0,114.4013546383536,0.0,3832.845960659866,76.04883869228404,13.78170989249162,True,False,True,Anomaly
Aluminum,,Day,Imported,Type_A,453.146284989921,133.18353571169197,40.24539073965825,1678.655481376741,51.413149774234896,7.473800037759047,86.78244814167743,4.653059934320742,24.83130416632827,4.915097087189396,73.37593221214293,21.809015382932422,4.394189797591825,12.48086355160838,0.5795941351815793,14,24,1,8,47,0,6,2022-07-07 02:40:00,83.93277406883703,0.0,119.78969042520993,20.0,3769.833558933304,73.32430663142355,32.650313951742746,True,True,True,Anomaly
Magnesium,Catalyst_B,Day,Local,Type_A,468.21896808112393,148.46185512127332,178.9879703413818,1769.312273976657,47.28504808526061,4.25363949436809,95.26088157631467,5.0329301112624405,27.26561985917077,9.886251914827008,81.17043337834453,26.123781332932456,39.64462160255548,9.112359519419918,0.6882263987150355,4,8,2,12,29,0,2,2022-07-09 03:30:00,88.46561369883285,30.0,44.37890275904375,20.0,2285.527875358597,48.33510735227585,37.418007290304004,True,True,True,Anomaly
Aluminum,,Day,Local,Type_A,407.7812902196818,124.52961805294244,74.15309963355156,1035.7791186766335,41.44446022610333,6.446336946785809,87.35245507369477,2.757054072137421,17.760309133935976,1.155908226920427,74.7046215631728,42.68184487475417,21.24029995274328,19.26873059424999,0.7415391979102953,13,11,3,12,43,1,2,2022-07-09 12:20:00,51.78895593383169,0.0,103.14864376320276,0.0,2884.953188725376,69.61010405217729,24.991979941972065,True,True,True,Anomaly
Aluminum,Catalyst_B,Day,Imported,Type_B,383.54691649760525,124.23525748777963,101.7687838691377,1762.9660974139715,53.52808635495948,6.57568799835648,83.72740325198393,1.973158877191889,29.14763246182345,4.728810783998799,84.02171521119749,10.519780005814209,36.16750627525269,9.754400503447398,0.9723903078821104,17,19,4,8,9,1,2,2022-07-10 02:00:00,88.14830487069858,30.0,124.8260861222104,0.0,2920.204909706939,54.55462932753202,32.93534698257767,True,True,True,Anomaly
Zinc,Catalyst_B,Night,Imported,Type_C,418.0769027445623,60.99242210103123,117.84354156245944,1792.1282424786289,61.4656542213679,8.342477841971647,91.89743884243458,9.064572857492712,16.054781378407,2.054820212105895,95.55238017717474,13.388891333636511,20.822862533657407,9.371588974278495,0.9977921041460648,8,16,5,12,52,0,4,2022-07-11 08:00:00,89.60641212393145,30.0,67.74987346106687,20.0,3832.912981806992,62.35861360887491,29.156579640790905,True,True,True,Anomaly
Magnesium,Catalyst_B,Day,Imported,Type_B,487.5445353870981,101.60287703225666,127.54794789040814,146.3379668224617,40.3423884685985,9.022664135506332,97.76949297785912,6.753771705040329,18.792778436028712,1.8732123950457469,90.31279933128272,49.954446264817925,22.28841140582521,11.19828275679955,0.7682741215811284,16,8,1,12,52,1,2,2022-07-11 08:10:00,7.316898341123085,30.0,21.74943019574672,0.0,4485.296767945562,111.18074408105025,3.6273996750680118,True,False,True,Anomaly
Zinc,,Day,Local,Type_A,108.34708663681572,67.15723872574688,113.9562702139972,1999.421922112354,41.29551310823671,7.057635829106173,86.02759543468892,5.674709617120889,33.60569484577405,5.6806457727644535,81.70873057071611,58.65086968400425,7.453523721290085,11.028260769711176,0.5369651126690294,19,29,5,12,44,0,1,2022-07-12 02:50:00,99.9710961056177,0.0,30.277386559247983,20.0,1060.984889902605,25.692498047469066,48.41741321561528,True,True,True,Anomaly
Zinc,Catalyst_B,Night,Local,Type_B,347.41636499138855,123.14364960466662,164.91657591284482,1642.2319573120235,44.93477524557999,4.431939105330017,84.5159396793258,2.7749443573543617,38.88964312270848,6.057164070324608,80.83025168539714,41.33616890985195,5.964865144158558,6.831663768829984,0.7811920179471896,18,14,4,12,12,1,2,2022-07-12 09:00:00,82.1115978656012,30.0,107.58831903832048,0.0,1907.8451639816965,42.458099624507675,36.54701616591621,True,True,True,Anomaly
Aluminum,Catalyst_B,Day,Local,Type_C,481.1279619738524,72.55888788167597,33.16997479009399,1438.8333740773014,45.16547083166228,4.41515261133554,85.5573444961314,8.816448206593076,20.5379931891651,9.257610821746963,81.2719658856834,29.55778714378693,28.88332613476356,17.258710917871166,0.9624290764765856,19,20,1,12,27,1,2,2022-07-12 20:20:00,71.94166870386508,30.0,138.9753081613348,0.0,2486.3650884404315,55.05013105492567,31.856932908770613,True,True,True,Anomaly
Magnesium,Catalyst_B,Day,Imported,Type_C,263.4157384268403,82.91438515005132,80.76926880441201,1901.2256613643256,42.695202283802864,4.946713079188663,95.5018772630778,6.63403420882454,12.924024603835054,7.29698494632124,99.0131873502123,32.8477214738045,36.02626266401022,19.626218581010363,0.5190423137745894,4,22,5,12,12,0,0,2022-07-13 05:40:00,95.06128306821628,30.0,23.697526445618397,20.0,1636.0116762268829,38.318396183065545,44.5301944871119,True,True,True,Anomaly
Magnesium,Catalyst_B,Night,Imported,Type_B,464.7041196189724,80.51074337889627,34.416235052831055,715.0413116131892,64.60135957510603,9.71070379632254,92.97977284855855,0.2142617175370464,33.38356149802813,4.930966130821325,72.66092766410885,38.72861257774881,18.872166557699742,13.257080450365702,0.8185895254363602,15,29,2,8,37,1,1,2022-07-13 11:40:00,35.75206558065946,30.0,65.2465695587161,0.0,4693.863372532928,72.65889454038204,11.068518005133882,True,False,True,Anomaly
Magnesium,Catalyst_B,Night,Local,Type_A,403.2652252625236,87.8201426406749,139.5813313080971,900.9767422553848,43.47674649433031,7.16159084337338,88.26014165389536,1.831045497479892,20.101020049334856,5.792167475428337,73.75546444506949,56.22831524274601,33.97643964060562,1.404063678370755,0.8027557102232191,3,17,3,8,10,0,5,2022-07-14 01:10:00,45.04883711276924,30.0,94.68553240984008,20.0,3168.304351006092,72.87353830441896,20.723186873536616,True,True,True,Anomaly
Zinc,,Night,Local,Type_A,443.1731089435742,110.43056338721128,178.73052639476015,1470.8158190707463,51.19008425742349,9.975357405917585,94.90027055464088,9.204352192371037,13.99911276924762,8.384440726126137,75.6312433463138,19.62074191939,28.1628853358783,15.097551927950468,0.8334727793975715,1,24,5,8,4,1,1,2022-07-14 06:10:00,73.54079095353732,0.0,45.20125906141776,0.0,4689.470427538251,91.60896090649025,28.732435986515323,True,True,True,Anomaly
Aluminum,,Day,Imported,Type_C,341.0282871078452,67.24455874814396,39.49851638147595,1799.9823187920797,46.19716412702411,4.27449913765876,81.86906504980638,8.00404631303784,15.635891629031526,2.898512189118035,94.39476440421156,43.08465778015877,12.8175646658865,11.227306157222628,0.8227131527301685,7,20,2,12,1,0,2,2022-07-14 19:30:00,89.999115939604,0.0,123.66323379456593,20.0,1865.8010702429972,40.387783655134655,38.963047901443325,True,True,True,Anomaly
Aluminum,,Day,Local,Type_C,490.8905438041832,69.05660940084235,37.30341569808575,1881.246814910873,49.41307894933301,4.548538324153452,87.50043722668427,7.57923427146511,34.850914946448455,5.201751180262739,80.81365623496023,18.76195243530309,30.088234680819397,6.866927333178447,0.567168197426885,18,8,1,12,28,1,5,2022-07-14 21:10:00,94.06234074554364,0.0,122.71834334214968,0.0,2567.6255200637856,51.96246772431581,38.07183957995935,True,True,True,Anomaly
Zinc,,Day,Local,Type_A,492.6417278731818,107.0570221963976,120.45113860545172,1990.704215044744,67.23811458390416,9.757226702882043,91.96418936742434,9.331696946020774,24.51545658156301,4.705446882380416,70.08867899528558,11.7372412944962,31.38699033656158,10.670984187277748,0.8258815364918715,1,21,5,8,51,0,1,2022-07-15 09:30:00,99.5352107522372,0.0,79.17551269787516,20.0,5158.315406152576,76.71713340081374,29.606782215176658,True,True,True,Anomaly
Aluminum,,Day,Imported,Type_C,452.57409394299367,108.60388395243666,140.65603958014725,1760.0667848585474,69.47900010196449,9.70876942503528,84.65399185461388,0.9148394591145526,35.0340958284755,1.6753537937404837,71.7917669453192,58.04138502083856,8.01446563665673,0.627746389548649,0.8441138157766943,19,28,4,8,35,0,2,2022-07-15 10:30:00,88.00333924292738,0.0,138.90411464079853,20.0,4828.879313881554,69.50127818182317,25.332356284280813,True,True,True,Anomaly
Aluminum,,Day,Imported,Type_B,490.4887332193232,141.53489944508743,103.37364109468466,276.96052264561945,49.01615156221828,8.148072912539643,88.39889345067876,0.6843963006493314,16.409889805106594,1.995860986216012,70.58979463171285,30.01692547915824,37.52066893069403,10.298933664742894,0.9894919492127432,17,2,3,8,25,1,1,2022-07-15 23:40:00,13.848026132280973,0.0,113.80424110637946,0.0,4177.504587722534,85.22710279324663,5.650393060623327,True,False,True,Anomaly
Zinc,Catalyst_B,Day,Imported,Type_A,408.5822369478122,124.40441875851828,168.53085770754976,163.87132903198105,52.56744514335941,9.960727912255072,97.078190731424,1.9430712335212883,39.0290032727222,6.687230485042991,94.01440939477251,28.17601678807039,39.2633728810197,1.8865888260347496,0.9216218277924122,7,6,3,8,29,1,3,2022-07-17 15:10:00,8.193566451599052,30.0,23.87598733779278,0.0,4157.280768616103,79.08470265729231,3.1173538790991087,True,False,True,Anomaly
Magnesium,Catalyst_B,Night,Imported,Type_B,135.6416364972792,88.78709942007345,95.19261107920468,1856.220369374948,43.81499284573947,5.7942394088863525,88.36843559118998,5.328325431706079,16.964487353180886,8.25465709920639,82.06922917633295,41.70671269066096,24.103548037410548,8.205699356147797,0.9197139293580516,14,25,5,12,12,0,4,2022-07-19 12:00:00,92.8110184687474,30.0,31.55448862868999,20.0,1128.9583989265848,25.76648598121051,42.36495886031955,True,True,True,Anomaly
Magnesium,Catalyst_B,Day,Imported,Type_C,472.77362079036334,127.06738682953194,157.53009619932791,1978.542695842669,43.98274667772354,1.547589387083027,85.90796732446785,0.9085843666571958,14.760372906836196,6.045913409957223,78.56955344387198,14.756531226649772,23.33537382602085,5.655593822301737,0.9673039308315214,7,19,5,12,12,1,2,2022-07-20 21:10:00,98.92713479213346,30.0,133.24682624614894,0.0,1167.6729685698272,26.54843220969718,44.984518823713316,True,True,True,Anomaly
Aluminum,,Night,Imported,Type_A,390.5459055797645,50.45657639652923,76.61037302556373,1674.9423504346505,42.90495302208387,3.764341127306293,80.1495374279478,2.610736952199504,23.149390357770173,3.363361849219375,82.75349935804377,25.52510296863473,5.002399566330986,10.192748192252798,0.9059277756562932,9,23,5,8,48,1,2,2022-07-21 07:50:00,83.74711752173253,0.0,155.05033762758694,0.0,1806.1338872284343,42.0961627973066,39.038438046361,True,True,True,Anomaly
Zinc,Catalyst_B,Night,Local,Type_C,435.1252465658073,71.58678900750772,77.62648616962188,1992.4497129052847,62.521184169689946,9.161274203213807,84.46771536048821,9.62043539929103,24.690669162201576,6.4769510932028025,76.4122911525859,55.7503508905381,27.23744855167638,7.111189760423575,0.9041088874606644,2,26,4,8,46,1,2,2022-07-21 08:30:00,99.62248564526423,30.0,135.16978366995733,0.0,4379.131610200279,70.04236513362885,31.868393719119886,True,True,True,Anomaly
Aluminum,Catalyst_B,Night,Imported,Type_A,445.62067261869487,81.68430143820956,53.85654375512359,1573.008355828323,43.241462801317645,3.474935609060269,81.25531426500281,1.473624661216223,15.83433454527491,9.087295241553203,91.1061261915728,53.2390204691112,5.275292453055869,11.601017935875962,0.7041989843734635,10,3,5,12,44,0,1,2022-07-22 15:50:00,78.65041779141615,30.0,167.06038930511005,20.0,1977.2779293493957,45.72643479787979,36.37731598155811,True,True,True,Anomaly
Magnesium,Catalyst_B,Day,Imported,Type_C,367.0213361426208,147.64048599627458,52.28905774112062,1454.075951588349,41.844415127937246,4.94747520913659,86.64736467571218,0.5125343875967336,21.25894595658665,9.725259168385618,75.1925986029395,24.33393452126469,4.505882969341206,0.7271397261193435,0.9835461597146028,1,17,2,8,20,0,2,2022-07-23 16:50:00,72.70379757941745,30.0,98.01404115490546,20.0,2188.839970546512,52.309010984004466,34.74958240287463,True,True,True,Anomaly
Magnesium,Catalyst_B,Night,Imported,Type_A,413.8877190299271,67.69718048347671,33.71713841249514,1297.559247313277,43.060253424534594,7.005954243148987,96.20251101236512,2.4520980928919367,19.205572569554214,4.896937932222643,83.2548181902246,21.06096864557042,21.3366796139487,4.099074352135627,0.5962338128681344,14,8,3,12,31,1,2,2022-07-25 20:20:00,64.87796236566385,30.0,31.434681102669337,0.0,3145.6653672302764,73.05264407566072,30.133572009447626,True,True,True,Anomaly
Zinc,Catalyst_B,Day,Imported,Type_B,473.7365815936512,55.17934061283435,168.43193875596862,1803.166244311135,47.56194111889816,6.29180353703291,90.27999208646108,5.230208204857162,39.95572374561054,8.063016742453367,72.71599241180061,47.817134389989405,23.196432769468647,1.3289998522370805,0.8177090608340508,3,13,3,12,1,0,5,2022-07-25 21:10:00,90.15831221555676,30.0,92.09446644046332,20.0,3369.511231572222,70.84469540780344,37.91195653271327,True,True,True,Anomaly
Zinc,Catalyst_B,Night,Local,Type_B,476.6088910615371,53.77726181183885,80.64494176623965,1848.2252618693144,59.05970158740194,8.82343395590247,95.98412356896256,3.650625333955437,30.751456699892685,7.333194067485593,99.36885919788968,55.74434170975604,24.631031159585987,11.444034343994144,0.7641717233722074,10,29,1,8,13,1,0,2022-07-26 06:00:00,92.41126309346572,30.0,38.28004824873841,0.0,4514.545289231551,76.44036742296292,31.294185581587165,True,True,True,Anomaly
Aluminum,,Night,Imported,Type_B,478.9633592257522,137.59694970775232,162.18719615399374,688.1924938110863,46.45407211014054,8.732465944607883,80.88837236134601,1.5709120810370525,28.43776842166344,6.993181833053641,71.58360300760725,41.47863541472529,0.2525594594574842,18.38667952885061,0.8728150915693624,4,22,4,8,26,1,0,2022-07-26 22:30:00,34.40962469055432,0.0,183.0753874816289,0.0,4474.636685376562,96.32388469125802,14.81447077835098,True,True,True,Anomaly
Zinc,,Day,Imported,Type_A,483.1652876769624,145.32221096159344,170.57862976369285,811.2550709318366,50.77067251841631,7.2442997563332705,94.80034903274137,5.3054695230334445,19.920089723416915,6.987707165151368,77.99062989740523,18.174988942769733,6.48677296534518,11.04918180754803,0.5215724465404445,18,12,5,12,29,0,1,2022-07-27 02:30:00,40.56275354659184,0.0,50.24581710830623,20.0,3705.3904393094895,72.98289062382251,15.978812780893652,True,True,True,Anomaly
Zinc,Catalyst_B,Night,Local,Type_A,367.5408374827849,89.70641114699315,101.62645420983868,1377.7191270111043,45.90795468039551,7.753611082296675,84.83050932745395,4.318184746701254,35.06413682294412,4.449620400670803,89.98380414019434,14.053673296458044,14.386878677230182,3.1424139681088104,0.563927006348502,6,11,5,12,32,1,1,2022-07-27 08:30:00,68.88595635055522,30.0,111.50814611949738,0.0,3193.3666824900374,69.56020377561559,30.01046630377206,True,True,True,Anomaly
Magnesium,Catalyst_B,Night,Imported,Type_A,396.7833392805598,108.47809560102002,59.48819613135892,1936.1497639197185,66.71399343660639,9.70134336181372,90.49623300845644,5.968834729331847,26.109355100217243,3.0482378720620518,95.3574062795636,46.58101935400783,36.75460911244556,2.1247702951786995,0.5786118399885696,10,24,5,8,46,1,5,2022-07-27 18:30:00,96.80748819598593,30.0,75.41872805298037,0.0,4228.187507420649,63.37782059828869,29.021643948799216,True,True,True,Anomaly
Aluminum,Catalyst_B,Night,Imported,Type_A,474.03574050926846,94.44623051947052,42.16223175711204,789.8835772596534,48.8923520960541,6.782783561065781,90.82250670889236,5.560180768225385,35.22432929029374,8.116015779664455,98.64927425035036,26.959853172915267,4.24711545343726,18.291608597486245,0.8878379416272741,9,17,4,12,32,0,1,2022-07-28 03:00:00,39.49417886298267,30.0,87.00919656538107,20.0,3464.0952731975444,70.85147522442712,16.155565101630724,True,True,True,Anomaly
Magnesium,,Night,Local,Type_B,434.1918098610561,141.591413636421,50.420498298053474,1938.2803008943508,46.45385833179334,4.033463992012098,89.84214201613327,4.904725516757381,23.082238327586225,3.382544983524402,76.04996249210562,39.9063100014017,11.888970421848084,14.463992530996252,0.7721732355048676,11,2,2,12,43,0,4,2022-07-28 20:20:00,96.91401504471754,0.0,88.20917484653353,20.0,2107.535870440297,45.36837081190057,41.72485064750323,True,True,True,Anomaly
Magnesium,,Night,Imported,Type_B,402.0138475614479,76.62664860274569,56.82338498790318,1429.9610393437708,40.4933001489499,7.311338535867923,99.13035416491644,3.481449907160089,10.668140130448831,9.337761116276502,87.28081734669095,42.72231391715585,34.52188082616553,8.955310088855322,0.600698794911261,16,6,4,12,36,1,3,2022-07-28 22:10:00,71.49805196718854,0.0,6.992193363554741,0.0,3121.4086056461115,77.08456940195966,35.31352184395506,True,True,True,Anomaly
Zinc,Catalyst_B,Day,Imported,Type_B,482.6875443154841,97.56313718342764,94.5036058946672,1070.42070848411,54.30713749676407,9.55245470799142,91.2362835744051,2.841594553854188,30.94580808146356,3.035824256784304,79.00512025161373,42.36370447167906,32.01173149980373,3.886853086899333,0.8349513513747713,13,28,2,12,5,1,1,2022-07-28 23:20:00,53.52103542420551,30.0,84.6027352109534,0.0,4849.4151650496615,89.2960923476885,19.710497695590966,True,True,True,Anomaly
Magnesium,Catalyst_B,Night,Imported,Type_B,472.8125680030093,52.05054814669209,41.69718283838412,1860.220547898564,41.06061167443754,5.669495782538713,99.42103862635112,4.621547118133282,21.210259292585445,8.610726356048747,76.0923143252827,46.56348087244894,34.14717896828138,13.131641199464188,0.9479183871451616,8,25,3,12,7,1,2,2022-07-29 19:00:00,93.0110273949282,30.0,5.474804276989522,0.0,2958.133704366675,72.0430988174556,45.30425807213808,True,True,True,Anomaly
Zinc,Catalyst_B,Night,Imported,Type_B,469.3596714446479,120.90832917423276,47.12178561736287,1373.0106185180202,41.32556363452056,8.077534101911219,93.86309605031607,1.0598516954556636,19.100537628247498,8.92260346128324,76.3957653483282,17.72547893814788,13.207144805373776,0.7638849043378615,0.5863234109819689,6,25,2,12,31,0,1,2022-07-29 23:00:00,68.65053092590101,30.0,57.60830443022017,20.0,4108.878703740352,99.42704569207797,33.2242442150529,True,True,True,Anomaly
Zinc,Catalyst_B,Night,Imported,Type_A,445.51562326710894,69.08099818933403,100.96074037842396,884.5468026673057,47.03630492838562,8.239702621992116,83.54944844672822,8.640630837475996,21.70020254930395,6.9680588471820455,94.798452707268,32.87061691770364,17.714035036494238,6.9369153318711385,0.8305918573548077,14,10,1,12,12,0,1,2022-07-31 11:20:00,44.22734013336529,30.0,146.57955456687165,20.0,3969.2429536014993,84.38679355542081,18.805618426321082,True,True,True,Anomaly
Magnesium,Catalyst_B,Night,Local,Type_C,354.3238781547563,148.9988468744695,98.75808505429148,767.3013922059929,46.29230306237142,8.817586622295504,88.53336861012161,2.688629614915903,35.503425337237225,9.047792704581884,99.74099508443648,56.81191504471316,37.680281782099264,16.54192245968757,0.9246552169602448,5,14,1,12,36,0,0,2022-08-01 01:50:00,38.36506961029965,30.0,81.2580260686555,20.0,3341.3094132313795,72.1785090002868,16.57513974131246,True,True,True,Anomaly
Magnesium,,Day,Local,Type_B,425.7476331516637,56.47726424546308,167.68367522288244,1940.3641304380476,49.900115829391424,5.172962202033758,98.01860295584304,4.768393490735143,39.27879627915562,4.525581356984505,93.90686441627142,45.20584879789349,16.791474094840574,17.16268543824245,0.5254723510372733,11,3,3,12,17,1,4,2022-08-01 11:30:00,97.01820652190236,0.0,16.871502037670496,0.0,2487.272639330924,49.845027370976716,38.884962453236696,True,True,True,Anomaly
Zinc,Catalyst_B,Day,Local,Type_A,487.9224884664471,71.19207669214346,72.32341563435207,1397.074006190241,66.4971506512037,8.814626361030676,86.77749611341156,9.41198311565896,21.842218200917813,4.273171173176555,89.31078501850175,56.761429624352125,24.399907457775328,19.686775815560893,0.7114919919775733,5,26,5,12,44,1,3,2022-08-01 12:00:00,69.85370030951206,30.0,129.03114000203004,0.0,4662.165194849341,70.11075135089189,21.009531874806008,True,True,True,Anomaly
Zinc,Catalyst_B,Night,Local,Type_A,141.6176074204824,54.81646320594944,82.96654612426852,1674.6924021125667,41.29359347229573,7.034152588592613,81.92920008431815,2.032732630053231,14.168833027968816,1.4934324261315155,83.94763206277888,28.050686012791672,38.18347590438145,5.7450351279107,0.6281015538315111,14,13,5,8,28,1,1,2022-08-01 13:50:00,83.73462010562834,30.0,51.182868964662354,0.0,1296.3631747249644,31.393808717439594,40.55574391306327,True,True,True,Anomaly
Zinc,Catalyst_B,Day,Local,Type_A,420.0035454881353,133.19529724313503,162.04003733485834,1750.220232458064,46.20768014909464,8.940694562441882,90.86795197319832,3.599597762367255,28.873131581318617,5.87335681308709,92.60188833174251,12.633637819329063,30.147660961752244,19.233190833227805,0.8682102477028608,10,14,4,8,12,0,1,2022-08-01 16:50:00,87.5110116229032,30.0,76.70985097649276,20.0,4122.699102153336,89.2210794580241,37.87725821358631,True,True,True,Anomaly
Magnesium,Catalyst_B,Night,Local,Type_C,143.75166796784657,128.72876699581502,84.34129133527475,1926.599688381222,45.60610653478805,5.293302339624521,89.91639321056869,1.1811621428846877,13.513038457244186,3.222732867303627,87.18101783384326,49.3749291045659,36.78772739854273,17.720359163017854,0.8024904048415276,9,27,4,12,48,0,4,2022-08-03 16:10:00,96.3299844190611,30.0,28.99070590225306,20.0,1100.1226438441174,24.12226623653898,42.24433600600446,False,True,True,Anomaly
Aluminum,,Day,Imported,Type_A,389.4664515620767,90.77357978509994,134.4797313041878,1674.1490134610026,44.197830061096,7.502149086792111,96.60941686071834,0.2555611588758555,17.35209614661143,9.245626194603906,98.62536424819636,21.32672803044074,15.582425459102607,1.954211511444424,0.7012353394605965,6,1,1,12,41,0,3,2022-08-03 17:10:00,83.70745067305013,0.0,26.41036767964465,20.0,3193.23076495168,72.2485868771743,37.8785341078233,True,True,True,Anomaly
Aluminum,Catalyst_B,Day,Imported,Type_C,354.7860389517167,99.24414821418053,53.96348757483152,1924.6401047447316,50.26408519374991,6.126564406747384,83.38112060132882,7.035637508552726,14.846392508408655,8.713054884943116,75.94299291300439,20.95568768635088,17.11746861830772,12.387190092418352,0.7250363607482484,13,18,5,8,40,0,5,2022-08-07 11:10:00,96.23200523723658,30.0,117.92292787341673,20.0,2579.857931580081,51.326069531269894,38.29056268160335,True,True,True,Anomaly
Magnesium,,Day,Local,Type_B,217.1151630742893,106.02807427633616,136.82724515947376,1945.8074379987663,43.372222608830334,1.3222922502820147,99.14927226768154,7.346201790796569,20.163080071499277,9.246268046747216,89.09789398240584,27.280037483492737,34.614524573884694,6.985562295030146,0.8680020003492515,18,16,4,8,25,1,0,2022-08-07 17:10:00,97.29037189993834,0.0,3.6941178066828426,0.0,563.5419866745608,12.993154437970327,44.862986514382854,False,True,True,Anomaly
Aluminum,,Day,Local,Type_B,346.2822974223168,97.28153923487,74.4702621260267,788.3584506993557,41.156333206556766,7.999050528950826,88.32154102474553,4.071674554716664,11.885949398365966,8.81143703873417,70.01267446797401,56.900440778180894,7.621779550988093,11.5665936901346,0.9094070770126138,18,21,2,8,20,0,4,2022-08-10 02:40:00,39.417922534967786,0.0,80.88087208606785,20.0,2991.4127502657466,72.68414159376991,19.155215960146794,True,True,True,Anomaly
Magnesium,Catalyst_B,Day,Imported,Type_C,56.33299681967462,75.53340864324093,132.34649160144312,1878.63822746432,42.29381632101645,1.6260665956331437,83.3768563069204,7.9973330090965025,10.875025040888156,4.855489371302709,74.37105378026618,33.537240792385894,14.335146419110837,6.500862211225478,0.7391593798424491,14,9,1,8,13,0,3,2022-08-10 18:30:00,93.931911373216,30.0,18.728630015904947,20.0,393.2889203727904,9.298969792360854,44.41874465064047,False,True,True,Anomaly
Aluminum,,Day,Local,Type_A,474.1194230128386,113.16175176308556,144.24664977294864,1670.4003399104183,40.76430681196472,9.954639774055218,91.1699808460717,1.7957315596463053,33.85674256904082,9.151803751964923,84.90523610277948,49.01317474579083,9.784474819906812,18.82037160293291,0.9279340266813054,15,21,5,8,31,0,1,2022-08-11 01:00:00,83.52001699552092,0.0,83.72967172905602,20.0,5031.19808566444,123.4216519091583,40.97703286395979,True,True,True,Anomaly
Zinc,Catalyst_B,Day,Imported,Type_B,465.16127315341095,91.95358117452346,50.84483401223269,309.44621120051755,48.60516557708593,9.703361978325376,87.40205968915606,7.439778836797063,18.36130899698456,3.764394294581736,78.23350039822593,39.49496945396885,29.891784315980733,4.840985928754639,0.7743572679144678,19,5,3,8,45,1,1,2022-08-11 06:10:00,15.472310560025878,30.0,117.20147908205686,0.0,4686.970488284129,96.42947272447357,6.366529308695549,True,False,True,Anomaly
Aluminum,Catalyst_B,Night,Local,Type_A,428.2896069541551,81.43951949162768,123.83539310977108,222.5150597253053,54.26737009399746,9.525985039611328,91.28847165853664,5.649510003993903,39.46083155392952,6.906550931250576,81.63430868491302,26.06334863232371,36.83806037638645,4.47750631996681,0.6116875991664589,12,20,3,8,44,0,4,2022-08-11 21:00:00,11.125752986265264,30.0,74.6211409867065,20.0,4281.181220934556,78.89052322821334,4.100347213065293,True,False,True,Anomaly
Zinc,Catalyst_B,Night,Imported,Type_A,315.10832333162057,116.44340097341028,41.12272654227713,1850.0707145123251,50.823749117160574,6.640459251667778,99.40648291899237,8.086649655726546,20.133235409130364,2.4366530908720776,99.64828608202194,23.480042338128555,37.13896144749943,3.873590722461937,0.8535856915288961,3,27,4,12,18,0,0,2022-08-12 01:20:00,92.50353572561627,30.0,3.7404434452999262,20.0,2392.321625096431,47.07093960308935,36.40169697531525,True,True,True,Anomaly
Zinc,,Day,Imported,Type_B,499.4999584976731,74.96409369331059,92.13267693416611,509.2277754531916,42.24762603411519,8.560204185735286,91.88299724171016,8.183947239530932,30.61648082695756,2.009523031438463,74.8972328957463,29.49605166946669,27.040652011225973,2.3558557978310257,0.877021911854921,2,20,5,12,48,1,3,2022-08-12 03:10:00,25.46138877265958,0.0,81.08885081782543,0.0,4416.901065425219,104.54791144616142,12.05340567638019,True,False,True,Anomaly
Magnesium,,Day,Local,Type_B,469.55156065310064,148.79994910610685,121.14429725398352,1881.8155174197536,42.7270608641556,6.854794166811788,91.44811468443233,4.786497206511032,19.21636490719071,7.69336346258666,75.69371762338443,19.71591955755221,28.243779167348148,14.566100669854158,0.6953165889215929,17,23,5,12,13,1,0,2022-08-12 09:40:00,94.09077587098768,0.0,80.31102192902271,0.0,3568.148965593629,83.51028349312473,44.04270921893526,True,True,True,Anomaly
Zinc,,Night,Local,Type_C,468.2198985220252,60.96060533112223,129.91794602687705,1857.3859646920869,75.46178332404642,9.534925747041928,95.98564539915893,6.410869580488942,23.31757131025074,8.897269496209848,98.65111443104216,18.610686396595334,8.93513626590571,18.16144643422044,0.7005229325138982,13,5,4,8,36,0,2,2022-08-13 06:50:00,92.86929823460434,0.0,37.59201407674466,20.0,4770.8704142415845,63.22233856778354,24.613597544019584,True,True,True,Anomaly
Aluminum,,Night,Imported,Type_B,323.9007362467957,130.4762120631346,130.05100076374487,1907.2084784200424,46.70868521628074,6.513506995705526,83.96291430416477,1.3839115378942002,20.94826696792113,1.902826608508383,83.25223230490369,43.8828839253015,27.96182285770797,13.102283922493667,0.7847950212764482,8,12,2,8,30,0,3,2022-08-13 22:40:00,95.36042392100214,0.0,103.88847728267972,20.0,2467.982774917524,52.837770181064435,40.83198808934291,True,True,True,Anomaly
Magnesium,,Night,Local,Type_B,410.5181115673793,65.87734025363137,99.7504472216967,123.13328618635506,44.71376822340166,8.601143956474392,88.46824629808198,0.8214199685799606,24.74441113115868,6.000011772638902,74.33427221568962,23.124406209438423,37.48425473871435,13.22008079466735,0.780711159546895,2,23,1,12,20,0,0,2022-08-14 14:50:00,6.156664309317754,0.0,94.67987505543046,20.0,3679.012980201359,82.27919780368431,2.753811433899935,True,False,True,Anomaly
Aluminum,Catalyst_B,Night,Imported,Type_C,496.7886279051173,115.4305025657781,53.667943746460885,1410.1858994894524,72.12848981147806,9.721600272535014,97.06087235850498,1.3827203301166455,28.778022209916188,4.874444356815752,77.50873189331695,14.650463045536968,12.730111065708488,0.7652189662191722,0.7146403755449805,11,3,1,12,38,0,3,2022-08-14 19:40:00,70.50929497447262,30.0,29.2025037651263,20.0,5101.750168594095,70.7314153107672,19.551024888712483,True,True,True,Anomaly
Magnesium,,Day,Local,Type_C,482.1314015947659,125.85485763705653,157.3636341210197,1375.708763049434,54.79428038986323,9.821973158475208,85.36228489730647,8.131820611865004,34.33559366384078,9.072365102097402,90.3227347977132,14.97373033798663,36.55406175407634,17.457051672871447,0.9539967498207328,13,18,2,8,48,0,5,2022-08-16 11:10:00,68.7854381524717,0.0,141.14604197213018,20.0,5048.717793807159,92.1395035738284,25.106794965847126,True,True,True,Anomaly
Zinc,Catalyst_B,Night,Local,Type_A,380.10966674807554,115.33681441211702,99.48993989365758,1976.931291708272,63.75172754614525,9.06337250248404,84.50184374312775,5.542504524672273,38.648026143116525,6.035235259025431,95.97916780346836,53.693127230244166,0.3096518253224412,15.30150113230872,0.5404007676104039,16,27,3,12,31,0,2,2022-08-17 17:50:00,98.8465645854136,30.0,117.81998020018628,20.0,3932.383921178928,61.6827821384536,31.009846600271576,True,True,True,Anomaly
Magnesium,,Day,Local,Type_A,430.0445417475412,128.5100648057037,135.85113785133765,1030.046980132524,47.01429052882397,6.6119269213775205,83.50517419169685,0.5255451965171609,18.259933460138534,8.154139101392463,88.40864523950052,57.56667306540263,25.320530778119213,4.568166163284857,0.7057660660523383,1,26,3,8,3,1,1,2022-08-18 06:30:00,51.5023490066262,0.0,141.87019611874487,0.0,3102.626146971149,65.99325677517055,21.909231609078795,True,True,True,Anomaly
Zinc,,Night,Imported,Type_C,211.4934627280481,135.38036114928383,129.087997717682,1953.5237505090377,42.4279130308045,9.84227167064511,83.25815889155874,3.549544103557799,12.735636341492052,3.687580477475457,74.13766087371242,39.85950056297929,27.17100961482542,0.295573231930335,0.9958521690219976,7,18,4,8,9,0,2,2022-08-19 12:10:00,97.6761875254519,0.0,70.81579896934052,20.0,2453.500427387504,57.827506754955316,46.04336180972878,True,True,True,Anomaly
Aluminum,Catalyst_B,Night,Local,Type_B,166.59663891573013,66.16841144623265,70.52186938614275,1546.3861902795106,41.22756981713613,6.872920814090382,91.5377495201332,5.466181373250874,10.586432578075057,6.548870654947285,83.77069989531171,22.987225162802343,23.347167722439064,3.891154127467953,0.6469429779605216,8,19,5,8,39,0,1,2022-08-19 14:10:00,77.31930951397554,30.0,28.19564975217665,20.0,1451.897950551518,35.216675564225,37.50854578958858,True,True,True,Anomaly
Aluminum,,Night,Imported,Type_C,390.9908233248454,60.18812009483368,92.03448828377417,910.4424578029632,40.79513467282887,7.239543264721173,96.40926609003874,3.330080215090492,36.669350680101545,9.22763209861094,94.18253557441103,53.14901552892944,11.137015578850477,14.188427711957877,0.8774767468327127,2,18,1,12,41,0,0,2022-08-19 17:30:00,45.52212289014817,0.0,28.078880155923912,20.0,3019.3916271197786,74.0135227236009,22.317427436006305,True,True,True,Anomaly
Zinc,,Day,Imported,Type_B,435.48295599626266,139.24220698521805,37.16361444888832,620.5142319522381,54.65835644533081,9.158684939083804,86.07642413762143,4.563139276057349,26.17332366301692,6.479767954621359,99.25204971897514,59.696857181776586,39.71300596618384,3.11017890609405,0.6641868279963193,2,19,2,8,14,0,3,2022-08-21 02:10:00,31.025711597611902,0.0,121.2695994917366,20.0,4231.252594653095,77.41273008977477,11.35259587567137,True,False,True,Anomaly
Zinc,,Day,Local,Type_C,431.5724612901432,142.96127385075943,167.6762389052059,1350.944613129854,41.73091258005709,8.869871773224292,92.87636269376588,0.1051163556567402,32.28768486644558,7.1568008796303015,83.51299356804408,39.844935457383954,10.53815766841769,14.685486071608558,0.5921631958679537,9,23,3,12,45,1,2,2022-08-23 12:10:00,67.54723065649272,0.0,61.4873137117949,0.0,4082.934011410701,97.83955727251234,32.37275510182495,True,True,True,Anomaly
Aluminum,Catalyst_B,Night,Imported,Type_B,365.99569837915135,119.06105301481811,31.72767528481006,1794.558515262824,41.601148520631405,4.728340613935116,96.12445792093077,9.926934195682591,27.40771426660944,2.822455602167154,77.44898600011469,42.27075819685797,36.58947715378234,9.521039295789272,0.5519289989640808,6,4,4,8,24,0,2,2022-08-24 11:00:00,89.72792576314122,30.0,28.368634596534683,20.0,2053.173012560977,49.35375790268722,43.13723488602345,True,True,True,Anomaly
Magnesium,Catalyst_B,Day,Local,Type_B,199.54841444876627,135.3839100565559,48.31774243569335,1977.412105573693,42.83538788726796,4.915832892901101,84.04183560767837,5.827580759798626,12.18607921731314,9.417076767214123,95.27173319997075,16.546120261299205,2.7707094104278207,6.177401786411016,0.5722811718477685,7,14,5,8,16,0,4,2022-08-25 13:30:00,98.87060527868464,30.0,63.68852804001085,20.0,1350.5408156701696,31.528623464889723,46.16304889727502,True,True,True,Anomaly
Zinc,,Night,Local,Type_A,110.89877864521404,67.05541279903869,51.44875830895862,1978.4219583734664,40.65300472158994,5.219134213005416,89.80442245108495,9.21035571423462,25.048343377565097,5.01104259446635,75.11366027120029,48.338645435778,35.03659554989633,13.268439866836754,0.5611880974688094,6,17,5,12,9,1,4,2022-08-28 21:10:00,98.92109791867334,0.0,22.6135419551449,0.0,859.5172609719607,21.142773255219915,48.66606962812687,False,True,True,Anomaly
Aluminum,Catalyst_B,Night,Imported,Type_B,462.5455680128022,56.75637715803167,87.67221842405291,1753.3463745217662,60.01944321952457,9.164157749634924,92.25704457804795,3.3970016917843706,29.73763246354683,3.314536046115725,88.54000273829107,21.01253252756856,13.646195214167456,12.032869814194594,0.6640865341674397,5,16,2,8,9,0,2,2022-08-29 23:10:00,87.66731872608831,30.0,71.62939427489232,20.0,4594.115358918855,76.54378502172395,29.212973004577883,True,True,True,Anomaly
Zinc,Catalyst_B,Day,Imported,Type_C,410.277027471973,70.1012410565769,93.42129748548162,1791.9756553707543,40.24116934879633,1.7496400000670844,81.42192226321798,9.697256714274353,26.423484731119416,3.1573234763292497,93.0594164455662,15.693211548424054,23.718753784256496,15.107474350767385,0.5920493411408752,17,6,3,12,51,1,1,2022-09-01 05:10:00,89.59878276853772,30.0,152.44317019980332,0.0,1153.648088809525,28.66835401352551,44.53090415535737,True,True,True,Anomaly
Aluminum,,Night,Imported,Type_A,368.917747744294,143.91438750516332,108.9613978380874,1705.4658014313138,42.07149274421721,9.136869054514104,82.31996144029273,1.742794310423127,32.43145453435679,4.477237033522039,96.2607795268909,41.95074409174656,15.288206344305276,9.510577409274878,0.7036723049457414,16,10,2,12,17,1,4,2022-09-01 14:10:00,85.2732900715657,0.0,130.44960010958954,0.0,3735.2214368393406,88.78271706564898,40.53732563757754,True,True,True,Anomaly
Magnesium,Catalyst_B,Night,Imported,Type_A,275.96071982558897,64.50200567796604,99.71802487288856,1520.2330222529506,49.75175140892726,9.450295845290324,99.35637611136976,5.5775488463870815,22.8583335195242,4.363732291800615,87.50740179392135,19.69110057179268,8.64319158812561,2.483676624190214,0.617193311513284,3,9,1,8,14,0,2,2022-09-02 19:30:00,76.01165111264753,30.0,3.5522982320669167,20.0,2876.170473488751,57.81043665877182,30.556371970860223,True,True,True,Anomaly
Aluminum,,Night,Local,Type_C,350.5148800354432,50.47865944312996,99.49703941903748,1033.9789655720638,49.55665523833044,8.90585974064625,99.98478648976086,0.4267761241218826,28.31622567791616,2.2470462962859346,87.15904623345916,30.8066679708776,8.780416931511308,1.8818334335498927,0.7053354779211123,18,2,1,12,19,0,0,2022-09-03 13:00:00,51.69894827860319,0.0,0.1066512343277435,20.0,3302.8317087129776,66.64759138462489,20.86458338641699,True,True,True,Anomaly
Zinc,Catalyst_B,Night,Local,Type_A,70.19220492059819,123.67699165115154,47.5911267691058,1850.0422065266212,45.03950803363372,3.1638845746722555,87.91354183588318,6.883720247021894,36.76580555904428,5.608395353109359,71.11034285804423,34.102974266509165,22.0959654740328,3.9878517652303103,0.7453773852116519,19,16,5,12,12,1,4,2022-09-04 04:10:00,92.50211032633108,30.0,16.967502964398495,0.0,529.0925819096059,11.747299315847332,41.07598611301622,False,True,True,Anomaly
Magnesium,Catalyst_B,Day,Local,Type_A,477.22883951643394,122.09354122952746,150.3436644346454,1911.969500539373,47.963988131134336,7.135178537243968,97.03340199242912,2.753612720900238,23.25390888814913,1.3474080517447495,76.35984259267767,58.48429825644185,1.8328415397601416,7.953307613193241,0.9553079791843953,9,13,3,12,6,1,1,2022-09-04 04:40:00,95.59847502696866,30.0,28.314922489296173,0.0,3697.706319331944,77.09338742271294,39.86260473820519,True,True,True,Anomaly
Magnesium,Catalyst_B,Night,Local,Type_C,479.4281222349253,114.61259931242196,122.08330543872472,1716.009129843721,62.28875185802573,7.286468893446652,93.47787873382066,3.254539671304957,23.61950331314752,4.426160447943591,97.2378080312414,44.59026463833855,5.950683441178248,16.239653925947334,0.6597148412485996,3,8,1,12,1,0,1,2022-09-05 21:50:00,85.80045649218606,30.0,62.53776703265665,20.0,3851.700432461752,61.83621147588417,27.549261763263573,True,True,True,Anomaly
Zinc,Catalyst_B,Night,Imported,Type_A,456.0953806381023,95.47810148577926,100.80227851773424,1702.4229489415766,69.29517078005114,9.769025507388136,94.02821892205743,9.86884832792341,19.830284540155137,5.469842880117239,91.5867414226776,59.84672675829143,11.108572982366734,0.9627200229460308,0.7951958225043549,8,6,2,8,15,1,6,2022-09-09 12:00:00,85.12114744707884,30.0,54.47403527663258,0.0,4744.199696338699,68.4636410147137,24.567699736901062,True,True,True,Anomaly
Magnesium,,Night,Local,Type_C,291.74398036132595,59.79794012881038,70.47180212886103,1903.5514828742264,46.25500724162066,5.093510036620163,95.58005397404172,7.927715028615671,24.507443170530124,1.845818994520816,91.7845905558508,54.55844893642282,11.790085860708729,11.567080685539008,0.7612325011271999,17,18,2,12,26,1,3,2022-09-09 16:40:00,95.17757414371133,0.0,25.78985293190578,0.0,1752.268146293008,37.882777471847454,41.15341443858632,True,True,True,Anomaly
Aluminum,,Day,Imported,Type_C,461.40740080121856,131.54861302549187,100.5028420777322,1299.9868367524844,46.23778926937253,6.958563562908339,80.58412087809566,1.1564739345289088,17.64407119250323,8.65165435082325,99.81029639520982,14.490412145900567,29.79465609066507,7.874567733829945,0.6932759051492123,12,4,1,12,31,1,1,2022-09-09 19:40:00,64.99934183762421,0.0,179.1726063981706,0.0,3562.6268057412094,77.05011121933245,28.115246366538187,True,True,True,Anomaly
Magnesium,,Night,Local,Type_C,68.14479213784003,86.10541174338181,62.19618804561112,1888.0754859066908,45.94112478315977,5.580796835769454,90.42019671313012,5.664704902052957,22.24094755784784,9.74199257187238,97.33597718108938,44.407614846080826,6.203197877503754,9.868338968101176,0.99690082251961,6,21,5,8,28,0,3,2022-09-09 20:20:00,94.40377429533454,0.0,13.05627407410291,20.0,685.9833649776524,14.931792989733399,41.09772006711481,False,True,True,Anomaly
Aluminum,,Night,Local,Type_C,402.2893249895778,81.82294976454962,142.99764268122118,1902.6853949509,44.32983435912569,8.946726683373619,88.53662404202962,3.4151273118836176,21.488193408166172,2.8573884910879457,78.54966137781162,19.812201334535114,29.97912736390638,9.75711374484291,0.7997048474084915,8,20,5,8,38,0,1,2022-09-10 05:50:00,95.134269747545,0.0,92.23187552467328,20.0,3952.4788009607487,89.16069410367864,42.92110319061491,True,True,True,Anomaly
Aluminum,Catalyst_B,Day,Imported,Type_C,169.3450933382632,121.38728750302216,162.54267060946165,1930.0308830369063,41.21108729670339,5.297988681745236,90.5945759984619,4.059170398641067,38.20765512034306,2.650599600098762,96.30503113535823,17.713657963123914,6.804495961463979,8.144214896991109,0.5982025432677298,16,4,1,12,11,1,0,2022-09-13 01:10:00,96.50154415184534,30.0,31.855248108528208,0.0,1224.8310714542845,29.72091133233126,46.832806645975,True,True,True,Anomaly
Aluminum,,Day,Local,Type_B,392.7278608470571,104.37053018547417,154.36433717028115,1193.777578617544,43.94640097067056,8.863943858679793,96.63328334041104,5.625139214701723,17.948815197273646,7.507962752506225,99.42095741076837,39.60472695197531,32.83215174269111,7.181897044207557,0.9452028829119714,3,28,5,12,24,1,2,2022-09-14 00:20:00,59.68887893087721,0.0,26.44406863597056,0.0,3668.860588013343,83.48489311927747,27.164399182865065,True,True,True,Anomaly
Magnesium,,Day,Local,Type_B,492.4702523329773,76.41103841301347,54.23879230336554,1866.7698744383304,43.07324731851568,2.250833701094725,97.04572697810016,4.725203427783397,35.7688429285607,7.421999544552192,82.53321032578829,48.0036099630275,2.821931006724876,4.976826311166073,0.6255735234830104,8,8,4,8,27,0,0,2022-09-14 17:00:00,93.33849372191652,0.0,29.097831611110585,20.0,1357.8598804100288,31.52443720736914,43.33942738596055,True,True,True,Anomaly
Zinc,Catalyst_B,Day,Imported,Type_B,487.4446816438047,111.3380575536367,66.45450081718437,377.402310327218,54.06052854694475,8.977460374706508,83.98297562030716,3.101803443281113,38.5970343603245,8.008199420300752,99.50720243884852,19.379906244689657,5.667513119452305,19.418309324931908,0.9169389653155856,5,15,5,8,38,0,1,2022-09-14 19:40:00,18.8701155163609,30.0,156.14826699280874,20.0,4694.232518721779,86.83290091485935,6.981106557245212,True,False,True,Anomaly
Zinc,Catalyst_B,Day,Local,Type_C,211.22463929584063,94.66705985379812,34.32586469696632,1584.199667997921,42.55475543542257,7.291860372555445,90.51954001692148,1.6451945898829856,21.273404459944206,8.385873608269574,79.72779579258551,44.248079425148816,21.02447733765397,7.58991663112083,0.8338077576937359,17,4,5,12,7,1,4,2022-09-14 22:40:00,79.20998339989606,30.0,40.05013480568831,0.0,1778.8178632601437,41.80068349727739,37.227323992073366,True,True,True,Anomaly
Zinc,Catalyst_B,Night,Local,Type_C,423.1163695242954,130.8414108054127,100.52509723669384,864.8810883718062,44.17146102646623,7.702013652505739,89.07527169589592,3.824848149301867,39.05808775562335,8.60912272058825,88.13541426289169,31.48105965008936,36.85448184478607,12.459322977578289,0.5996990316677918,1,4,1,12,43,0,4,2022-09-16 13:30:00,43.24405441859031,30.0,92.44862756143662,20.0,3545.501095599868,80.26678342098553,19.580087872882334,True,True,True,Anomaly
Aluminum,,Night,Imported,Type_C,433.6396483066071,131.20708886385358,87.40567629925278,1271.0854312540005,53.6756933868873,8.179739464388073,83.59667094366073,3.2334523999640776,13.83168781010674,1.5639765534813792,89.52295663452334,28.887295763374823,31.755937893791018,9.260562527567476,0.9569915170562898,2,29,1,8,32,1,2,2022-09-19 22:50:00,63.55427156270002,0.0,142.2626768609703,0.0,3877.6372001561313,72.24195823995481,23.68083858912049,True,True,True,Anomaly
Magnesium,Catalyst_B,Day,Local,Type_A,329.34401501036064,145.18552296078838,112.39080011146412,1842.1309477668383,54.6132178963911,7.253830229726492,92.02137565209044,0.1946155245833114,32.679587994367935,4.450242960839277,75.21556680259931,22.29627817567636,6.059308212722199,6.20907329215531,0.5226801487230339,1,16,4,12,26,1,1,2022-09-22 10:00:00,92.10654738834192,30.0,52.55424353999916,0.0,2753.040055556387,50.409775537843025,33.73049636557981,True,True,True,Anomaly
Zinc,Catalyst_B,Day,Imported,Type_A,322.26963667454663,76.72158815904126,105.48625579269196,1590.1757098397077,56.12386613583277,9.68922823253722,91.97020486340628,7.587377830605768,32.219765621179164,9.554918147243916,84.1817407964657,23.93479040295791,1.1457070637878886,12.58868863722781,0.5133472126747738,19,5,1,8,9,1,1,2022-09-23 12:10:00,79.50878549198538,30.0,51.75518322482207,0.0,3384.293305905096,60.30043079559633,28.33332447182298,True,True,True,Anomaly
Magnesium,,Day,Imported,Type_B,450.3650250167663,95.0211630113552,162.3050802192959,1767.458037552292,58.34629574944928,6.92580008437818,96.24927542374228,9.269829924678854,31.55846092509129,3.8649297171276302,87.52720645526892,17.137587096762267,21.924149472749797,3.2780350832698724,0.8341746742312901,8,9,4,12,50,1,3,2022-09-25 04:50:00,88.3729018776146,0.0,33.78390335234611,0.0,3384.190360683214,58.00180315157636,30.292549250120555,True,True,True,Anomaly
Aluminum,Catalyst_B,Day,Local,Type_B,259.0654118823063,110.0588092488793,34.560919157269026,1538.1262305009193,42.92140123964897,7.171539251449409,95.13642730047476,2.90849354674935,18.50038321175956,9.67231786682249,72.82848631358978,13.158317141680078,16.442374551786596,10.097538000206336,0.6144148533140936,4,4,5,8,29,1,1,2022-09-27 13:00:00,76.90631152504596,30.0,25.199669292441005,0.0,2128.946638282277,49.60105161514733,35.835881077434706,True,True,True,Anomaly
Magnesium,Catalyst_B,Day,Imported,Type_C,394.8043723735407,105.35193199696052,81.02285071008235,309.82434187829944,45.115230570691,9.373954748591268,81.47191571799911,4.425381098217031,29.29283028462706,6.531872331112687,71.90180337611436,54.649597838938206,32.755244999944495,8.159299745456263,0.694682927142761,13,22,3,8,3,1,3,2022-09-29 11:20:00,15.491217093914972,30.0,146.2993737247885,0.0,3910.142245522552,86.67011552552647,6.867400165290878,True,False,True,Anomaly
Zinc,,Day,Local,Type_B,402.7295151148113,129.7652334672382,92.50240388368684,1952.224250748459,55.41310619531804,6.964322030076911,85.09376153711959,9.775435972221958,23.79080125758531,5.7329023702243065,97.90918144834671,45.9893033662071,18.997760257023423,15.025605560449677,0.8901987782487784,15,28,1,12,30,1,0,2022-09-29 13:10:00,97.61121253742296,0.0,120.0636437668315,0.0,3171.321193823667,57.23052562051859,35.2303703002559,True,True,True,Anomaly
Aluminum,,Night,Imported,Type_C,499.7928602277995,50.56345326369364,77.4432085961678,1427.6320284232331,57.94044306464365,7.59794155641092,81.23024319580186,2.2292384337240536,33.04669320593996,1.3061249905796606,99.85574805320309,12.15679468051757,14.288621745935432,3.6971040379462505,0.8344030909981239,19,23,4,12,20,1,3,2022-10-01 14:50:00,71.38160142116166,0.0,187.6198087790077,0.0,4168.22668309176,71.9398482756044,24.639646383622512,True,True,True,Anomaly
Magnesium,,Night,Imported,Type_C,464.7801626201144,61.507955071688336,145.5623515084589,1718.6519844933175,48.71134078756457,8.155522431679117,98.4556257438533,3.3856228579075696,25.609702466259243,2.8259727100958907,82.04463324859978,18.965768143988377,21.587930564373018,6.934908288239134,0.696487212109879,16,19,5,12,51,1,0,2022-10-01 17:10:00,85.93259922466588,0.0,14.355890358363595,0.0,4014.644311758476,82.41703568100854,35.28237894309961,True,True,True,Anomaly
Zinc,Catalyst_B,Day,Local,Type_B,449.34357091678913,112.25111199271872,131.17052616106602,1258.642406786753,42.15767982251832,8.641984037943757,87.63884268775573,7.824381226709569,36.330754616633314,9.295693137863468,84.77188287504319,17.585481276896623,32.88496245571446,11.846740447295378,0.6124276483483944,8,6,5,12,42,0,4,2022-10-02 23:10:00,62.93212033933766,30.0,111.08813134696044,20.0,4229.549360286535,100.32690077093243,29.855590062962985,True,True,True,Anomaly
Aluminum,Catalyst_B,Day,Imported,Type_A,475.1339301921341,60.13913257330555,75.19151091863455,302.23515245660565,42.8200481669733,8.85372540014977,89.30335852802514,7.157749395070484,39.05410969210928,4.945920947485197,86.47779626981023,13.209431682728953,11.373149230450949,7.77106809508024,0.5624158290177956,12,3,3,12,26,1,0,2022-10-03 10:10:00,15.111757622830282,30.0,101.64674604871176,0.0,4340.299648138175,101.36139107582339,7.058262785648074,True,False,True,Anomaly
Aluminum,,Day,Imported,Type_B,470.7675755940904,101.812814936272,172.80826069871023,365.1110356370468,41.22231852985098,6.359246249855308,90.27361815393417,2.2741358806322207,28.83034279128804,8.575504876684825,99.73096324559056,34.61413041639979,11.270388466500105,6.58773838253722,0.6722440659240208,7,11,4,8,12,0,1,2022-10-04 08:20:00,18.255551781852343,0.0,91.57730401949584,20.0,3176.8326982744597,77.06584228089861,8.857120333312963,True,False,True,Anomaly
Zinc,,Day,Imported,Type_C,448.7843572251202,64.06342786118864,80.85031774707015,1980.9151648594705,40.24675870405648,3.1722806478320136,95.97801773835576,5.21641328682405,34.065671884671495,8.380940203739817,84.71070122479534,33.00506263073027,26.622569831631523,13.350490768512795,0.9099788831940684,4,24,2,12,48,1,1,2022-10-05 06:30:00,99.04575824297352,0.0,36.10005448125683,0.0,1723.5768057991472,42.825232672101556,49.21924718026581,True,True,True,Anomaly
Aluminum,,Day,Imported,Type_A,92.63244506938476,145.2045293074143,72.0604136068112,1990.655535549178,49.356620933190285,3.822236183644273,83.96942933486702,4.107886342107943,27.341813847800623,3.874187281811288,76.1672519363165,52.94931316192989,14.67578935577059,19.532520473095584,0.876861843279958,14,26,2,12,39,1,0,2022-10-05 15:00:00,99.5327767774589,0.0,29.69901913137643,0.0,674.3191755710905,13.662182759307145,40.332087122490684,False,True,True,Anomaly
Aluminum,Catalyst_B,Night,Local,Type_B,454.92153823783855,61.94621247515365,50.73573376112961,1532.2573020761438,47.10395497650857,9.974300465786014,96.00974223728734,9.744552765644896,36.018928479795235,1.4571675645998758,80.7510317640737,23.48057905838055,4.395364404792419,13.118662279042807,0.9286905089023664,14,15,4,8,33,1,3,2022-10-07 00:30:00,76.6128651038072,30.0,36.30508398757436,0.0,4797.631646162435,101.85199201542808,32.52927069160759,True,True,True,Anomaly
Aluminum,Catalyst_B,Day,Local,Type_B,262.15160839548633,143.32130982840317,146.19797484502766,1788.9541112009838,50.67029617283139,7.690072525067841,84.95727085133137,7.65856174212317,16.442277372402163,3.249623691762469,89.78945366678977,51.88002964992094,37.98838651392643,1.3424104391149627,0.7619651855288435,17,17,2,12,26,1,0,2022-10-07 00:50:00,89.4477055600492,30.0,78.86951281962294,0.0,2338.233844954955,46.1460465314722,35.30577569744288,True,True,True,Anomaly
Zinc,Catalyst_B,Day,Imported,Type_B,418.277715952361,120.53659391830617,102.3954843755108,1971.42148708454,57.39155221655719,6.778794374918505,89.02138446492226,2.060036660410396,11.567433948219492,7.213768957487851,90.40372603650913,25.25706529416445,23.838593331745685,9.191176798553515,0.5819247751521517,15,14,2,8,13,0,4,2022-10-07 04:00:00,98.571074354227,30.0,91.8422046066285,20.0,3225.0698154815123,56.194155601721036,34.35037755462196,True,True,True,Anomaly
Zinc,,Day,Imported,Type_A,405.69901590756496,107.29765703638073,146.8777016820727,1020.10305833431,42.545815031233325,9.142811320449356,89.0206198232274,6.494301630435666,14.18515249758439,2.1399796918850864,89.16245857205459,32.701826714458385,36.976236215840025,4.9080809417255296,0.6050243048731017,7,16,4,12,25,1,3,2022-10-07 19:50:00,51.0051529167155,0.0,89.08647465983333,0.0,3976.0885638554646,93.4542812480282,23.976578133135817,True,True,True,Anomaly
Magnesium,,Night,Imported,Type_C,383.0484286570331,75.68926734465002,70.63931921420186,1186.9012319275814,42.69030031588864,6.185367276646059,83.74366269190404,0.3657001430208673,20.746658600762345,1.5657363981078627,94.786536811505,46.6396379336601,33.926742146457386,11.554113992835184,0.7582233016779945,16,11,2,12,42,0,2,2022-10-08 23:20:00,59.34506159637908,0.0,124.5392892316973,20.0,2678.7109883415146,62.74753207450596,27.80259738500448,True,True,True,Anomaly
Magnesium,Catalyst_B,Night,Imported,Type_B,400.6748819721548,73.83662884197491,66.82444746166914,1687.8852841251924,55.98997502317047,8.38607506141778,99.16462022406697,6.704574188736954,22.09015368054878,3.057624664925377,84.41255790779873,24.441004115497435,15.672863395735552,14.45229197511942,0.574413689618928,15,24,5,8,47,0,3,2022-10-09 03:40:00,84.39426420625962,30.0,6.694313862477851,20.0,3615.4481357851223,64.57313357058888,30.146205341700732,True,True,True,Anomaly
Zinc,,Day,Local,Type_B,282.3041617584056,124.9766246757334,107.53454114576542,1435.5458858345748,45.474007356846535,8.862057827640689,91.91797499876206,5.191431394432764,12.836876704010242,6.994817702157595,85.60948483309168,10.375618704194276,30.72007785732109,3.2231717316832498,0.5851834635885953,6,13,2,8,52,1,2,2022-10-09 10:10:00,71.77729429172875,0.0,45.63178586569905,0.0,2745.320094005093,60.37119342621031,31.56849306394898,True,True,True,Anomaly
Zinc,Catalyst_B,Night,Local,Type_A,338.7616121909833,146.64604878373262,177.49689757756252,1667.3185177208784,56.09001334195917,8.647033785376905,86.9702668353862,5.06126765707574,18.55985913261278,3.362245998049566,85.34070285722743,33.31063857003802,0.3015207510408624,11.454604757607774,0.955507996073202,9,13,3,12,9,0,0,2022-10-09 16:10:00,83.36592588604393,30.0,88.27946826525788,20.0,3283.01176881793,58.531128327652084,29.725764327347914,True,True,True,Anomaly
Magnesium,,Day,Local,Type_A,478.504495684403,144.455235762423,45.37121862568846,568.5208942166647,50.74111091146651,7.67322006054677,87.28813664983666,9.929943752468237,17.0901630231358,1.3780787968533077,74.6577100543151,53.071968573725286,9.57551163148603,4.31612762922599,0.919266751141739,12,8,3,12,14,0,0,2022-10-09 19:10:00,28.42604471083324,0.0,121.65367523157911,20.0,3859.554118227357,76.06365033988983,11.204344642919319,True,False,True,Anomaly
Zinc,,Day,Imported,Type_B,492.8303639187279,136.09721229706452,123.00853402449214,1995.0658869684096,42.60867457143089,1.5233573880139089,94.03479806005262,6.698038595376307,25.045176026508663,3.276019480246599,71.98214011380897,14.556178027450542,3.941739039499206,7.979492585603179,0.8990443637406124,8,22,2,8,5,1,2,2022-10-10 02:50:00,99.75329434842048,0.0,58.79665285825931,0.0,1084.4250216308938,25.450803915829866,46.82299806401631,True,True,True,Anomaly
Zinc,,Day,Imported,Type_C,279.8952785896363,99.90976001150185,63.03574715936895,1996.2035658968896,46.391473409790784,5.644959951690281,91.13504558869482,9.734286901149998,22.588626990471035,1.9297285339186605,94.69546088254356,35.601392944524555,23.526174592141924,13.267888603471388,0.6067085264608021,16,11,2,12,26,0,2,2022-10-10 16:30:00,99.81017829484448,0.0,49.62517769273378,20.0,1921.8844733483425,41.427536831428476,43.02953579990405,True,True,True,Anomaly
Aluminum,,Night,Local,Type_A,416.379367858884,137.6596875870305,133.2756993521592,1350.2209994564798,49.25363999155598,8.994045576867684,80.64432325433238,5.575895424574604,10.937059650811074,2.593632630607848,94.99144433019384,16.631473347216108,21.082075371493254,8.124476366182584,0.5541660734126953,5,11,5,8,31,0,1,2022-10-13 18:30:00,67.511049972824,0.0,161.18608895683974,20.0,4140.821802165327,84.07138645743194,27.413628712273063,True,True,True,Anomaly
Magnesium,Catalyst_B,Night,Local,Type_B,424.3514292146798,77.36871778401377,147.05289639955978,1771.814757990906,62.55585054252377,8.048010839825544,91.42185354501926,0.099428657018189,38.00163018232702,9.434894435211657,77.9858236246696,49.09649273566259,5.1076043528301,17.601709788849647,0.5631008816019578,10,9,5,12,20,1,2,2022-10-16 22:30:00,88.5907378995453,30.0,72.80297416367831,0.0,3753.826650246156,60.007603088929415,28.32372580061835,True,True,True,Anomaly
Aluminum,,Night,Local,Type_C,478.3141452802216,114.07477585889468,121.42434204821798,1992.2956272200609,54.34489271488587,3.661821190396829,92.9518060356389,1.4130121998960643,37.330170483639805,5.749841609348902,82.05699955583142,30.203503557198115,36.34591119174673,9.481687066510013,0.7111441716739355,16,16,4,12,50,0,1,2022-10-17 05:10:00,99.61478136100304,0.0,67.42501743665197,20.0,2113.658199428568,38.893410104195596,36.6602182411585,True,True,True,Anomaly
Zinc,Catalyst_B,Day,Imported,Type_B,382.1465039840359,73.92407904948651,62.70919176162244,1887.5979825237123,53.84502487373637,6.316455755511638,88.42425573051936,5.819618853580939,14.980734468843428,7.290243206099501,78.37691245516876,53.17726900969276,17.568692358797847,1.511080659194699,0.8694405557962901,18,24,3,12,33,1,0,2022-10-18 09:00:00,94.37989912618563,30.0,88.47260407190525,0.0,2776.958159689665,51.57316142394733,35.056126112858635,True,True,True,Anomaly
Aluminum,,Day,Local,Type_C,397.96170669303,84.48832863444508,162.99487018003097,1690.3568905341474,45.72632093109269,9.282780939172495,97.57393221831522,4.20903484245448,29.29278483399176,8.337191218948039,99.86201280463644,54.33533441339332,25.57272478119996,2.741197719078794,0.7602723197607253,11,18,3,12,2,1,3,2022-10-18 09:10:00,84.51784452670738,0.0,19.309641499044982,0.0,3945.1586861288783,86.27763191519472,36.96682471090189,True,True,True,Anomaly
Magnesium,Catalyst_B,Night,Imported,Type_C,474.7391456814942,143.4496091509834,150.72918902330883,1447.7961787470424,42.20555197335087,4.02056734584038,81.84810059763663,8.804714689894743,26.45355929939238,5.95304974488104,85.32873904299618,43.815212389335066,6.777498736454497,17.57892032404479,0.6217722449722387,14,3,2,12,38,1,2,2022-10-22 03:00:00,72.38980893735213,30.0,172.34834429548823,0.0,2290.9543506022437,54.280876412865815,34.30345324381019,True,True,True,Anomaly
Zinc,,Night,Imported,Type_B,423.5310256409313,97.93284588412908,143.49216523603954,1796.711873372624,54.907716134187176,8.538268462587887,96.46099568927956,9.745462319442762,29.667522039853147,4.023333758222983,99.23434753414593,21.523705450115184,35.99480127920021,5.657238914117486,0.7103202488968978,5,21,3,12,29,0,1,2022-10-22 12:30:00,89.8355936686312,0.0,29.977562509342096,20.0,3914.056350205136,71.28426796408179,32.72239313290137,True,True,True,Anomaly
Aluminum,Catalyst_B,Night,Local,Type_C,237.68939713373464,63.428424846104825,93.06805616915838,1797.420667385844,41.68907747803031,3.041700654823248,90.6446460357186,6.717148344921602,32.94697953378808,1.7858718528780866,87.49820709119524,24.090344977155063,12.85704062124585,4.724383294893919,0.8965939797422238,1,19,3,12,26,0,1,2022-10-26 14:50:00,89.8710333692922,30.0,44.47336887485485,20.0,1036.2223352446372,24.855967028551184,43.11490625651443,True,True,True,Anomaly
Magnesium,Catalyst_B,Day,Imported,Type_B,251.33665614106815,57.522609870579736,111.54886589988708,1501.7226537044146,45.1117751132468,7.719827979605891,89.75795467272516,4.705169885883293,26.42274976513746,7.264049743896996,80.92750615846646,44.943185414845615,9.87777105659302,3.311383540367867,0.8896995235001612,18,26,2,8,4,1,0,2022-10-26 22:20:00,75.08613268522073,30.0,51.48402849205021,0.0,2211.037080397733,49.012415823745215,33.28892844350616,True,True,True,Anomaly
Magnesium,,Night,Local,Type_A,371.3240111820745,136.439317377752,64.19320719838345,1647.361214058208,44.879584413371646,9.579235010167864,81.65788985385832,9.616121287805395,27.897317203190426,6.110914347108746,94.9414667890394,33.873344269305974,35.55494621045827,17.34209834821051,0.6136345999436064,19,15,2,8,25,0,4,2022-10-27 15:00:00,82.3680607029104,0.0,136.2173182601751,20.0,3949.30779374913,87.99786908393148,36.70624930224142,True,True,True,Anomaly
Aluminum,Catalyst_B,Night,Local,Type_A,304.2462999604289,124.55538245109716,114.74635249583508,1767.444291961467,42.55039596962574,5.5827615410009335,92.6757144140048,7.623050803261578,34.287189534147714,9.804935221501951,82.43236512979517,54.62727392931016,28.71313738967743,19.73575978642529,0.636505678417568,15,18,2,8,32,0,4,2022-10-29 06:00:00,88.37221459807334,30.0,44.56773578785079,20.0,2031.1034816912563,47.734067695660066,41.53766966641492,True,True,True,Anomaly
Zinc,Catalyst_B,Night,Imported,Type_A,360.0481230028604,98.16730682623265,89.11625195837402,1956.326164668328,48.86101828331722,7.744031016253845,94.85824662835586,5.617561666772208,37.64130654470998,9.250970189915824,94.98879181572912,27.391855170169773,19.67031018921695,18.34601115523177,0.7667398913135586,17,13,3,12,51,0,2,2022-10-29 07:20:00,97.8163082334164,30.0,37.02557300808204,20.0,3137.3153915224225,64.20896456416273,40.03858767995187,True,True,True,Anomaly
Aluminum,Catalyst_B,Day,Imported,Type_C,375.6392044408649,64.43621247655591,50.94342817241344,1651.7712563680664,59.46931035507738,9.77725873591848,96.79072854055003,1.1203812647072908,18.11724768116353,3.351894998077455,78.43015284976957,44.32407945799103,8.208224546850019,11.683946117641815,0.550694128798433,7,16,5,12,12,1,1,2022-10-30 21:00:00,82.58856281840332,30.0,24.11056355725103,0.0,3962.504539665559,66.63108275522902,27.77518768093535,True,True,True,Anomaly
Zinc,Catalyst_B,Day,Imported,Type_A,313.9826220692462,63.36914471774953,106.5847729276222,1540.756345491344,49.87737374131217,7.685307227946089,82.60415221489792,8.085507235555285,24.34092568033541,2.190472033329789,95.45281647886516,55.62107040675223,22.14133180727711,12.180785545474224,0.9562938810795674,11,16,1,8,46,0,5,2022-10-31 06:40:00,77.0378172745672,30.0,109.2398780136768,20.0,2819.1989313459703,56.5226017305498,30.890887589279274,True,True,True,Anomaly
Aluminum,,Night,Local,Type_C,451.8567922373521,69.39992827023846,177.5954061626209,1895.867716737568,60.732420881911146,9.334517251799172,89.77622476442338,2.5294182261898657,15.596220401191466,2.039150203396499,98.00304125848038,21.953579763461164,10.57357857134738,12.42732630557814,0.6988972925692849,13,21,5,12,40,1,3,2022-11-02 03:40:00,94.7933858368784,0.0,92.39364565006667,0.0,4553.651802390182,74.97892783237404,31.216732170514263,True,True,True,Anomaly
Zinc,Catalyst_B,Day,Imported,Type_C,124.85926303183167,85.519526922725,134.60764986270664,1811.206636723372,40.44403810401993,9.189013336521583,87.46035003480637,9.267920088916847,13.968653061407649,1.30520756017756,93.02648264238218,31.11844398575248,19.562408499193182,3.959213363334946,0.5375493942425091,18,14,3,8,34,1,4,2022-11-02 13:00:00,90.5603318361686,30.0,31.313829066624216,0.0,1493.0936111620867,36.917520632384154,44.78303160690938,True,True,True,Anomaly
Magnesium,,Night,Local,Type_A,389.4781949246873,113.04000498021809,101.48236179401472,210.52651481371788,49.56239905863331,9.858544789898014,91.92863708224556,8.243169747551901,12.59778350035805,7.743771383917545,72.49628707410045,27.01411878022101,0.5037264712736444,19.230518189676804,0.7014562559766534,1,3,2,8,46,0,1,2022-11-04 00:40:00,10.526325740685897,0.0,62.872397195781154,20.0,3994.7330317480505,80.60007400009434,4.247706301800702,True,False,True,Anomaly
Aluminum,Catalyst_B,Night,Imported,Type_C,143.08628572566474,72.86139316424408,32.2369208082216,1936.904652376011,43.31038506451533,7.817456928198766,87.08974686392152,5.668304067776325,35.39546298521957,7.310125780608277,89.80461553799182,10.076791410175964,18.168903926169765,8.6786728676441,0.5062887349557383,19,2,2,8,27,1,2,2022-11-04 03:20:00,96.84523261880057,30.0,36.94560338039168,0.0,1446.0532543740778,33.388141255729565,44.72148306903274,True,True,True,Anomaly
Aluminum,Catalyst_B,Night,Imported,Type_C,357.76417682555194,57.10272211523758,43.70554158877492,1852.2408907760916,40.231536177196354,1.659170911112893,95.2856984497116,3.7878349175619994,27.90480572315328,7.694868366059776,72.48246678332785,41.44711767750204,33.172357430815616,6.774372955163008,0.5194928136045946,14,3,5,12,27,0,2,2022-11-07 15:00:00,92.61204453880458,30.0,33.73216426892707,20.0,893.0207643693017,22.197033701026683,46.039526868127915,False,True,True,Anomaly
Magnesium,,Day,Local,Type_A,476.2894530801489,116.86065031069631,165.98214521093053,1413.5634154260467,54.15501121166587,9.353025330317143,97.88716300275328,4.278947430411986,25.821439080108966,3.611433402588693,71.36658713978662,41.38237166475005,24.886761632617617,9.9449454908352,0.8710904702504529,8,8,1,8,19,0,2,2022-11-07 21:10:00,70.67817077130233,0.0,20.126439557322836,20.0,4702.2337452419815,86.82915283431875,26.102171965233424,True,True,True,Anomaly
Aluminum,,Day,Local,Type_C,343.779762300673,117.88433153662338,111.740313017926,513.5729708884916,43.38550423053285,9.878960956528708,83.35133641704739,2.2330377226543687,34.299597402783164,8.205517979679872,87.47116430243855,12.838056649935966,37.33380078094272,1.1852283272173958,0.5170713282855905,6,23,5,12,12,0,1,2022-11-08 00:10:00,25.67864854442458,0.0,114.46947218342636,20.0,3585.186580645126,82.63558633766036,11.837432340524948,True,False,True,Anomaly
Aluminum,Catalyst_B,Night,Local,Type_A,484.77127786860376,85.44441735523787,50.92594823361672,1068.5888519171483,44.83423081888752,9.516004789388498,84.28655951552285,1.1414110335906449,17.96996526022588,8.807787637888818,90.58930354360596,33.08720828639797,24.03695815073602,5.573748471477094,0.8257313782367608,18,13,1,12,15,0,1,2022-11-10 08:00:00,53.42944259585743,30.0,152.34849246744477,20.0,4943.270860438726,110.25662245456104,23.834218462090334,True,True,True,Anomaly
Aluminum,,Day,Local,Type_B,445.6991850230402,80.41360383145887,175.55457979442588,952.1084232456042,40.20111183560908,7.304286745112946,93.37384393840271,7.680726870073195,24.999517872858977,5.701883709620216,99.27630725887563,59.60250026601569,36.24298540835939,3.9624259194267686,0.7804468605881633,4,21,4,12,33,0,2,2022-11-12 19:30:00,47.60542116228021,0.0,59.06544712978778,20.0,3462.592765642778,86.13176620094633,23.68363410293174,True,True,True,Anomaly
Magnesium,Catalyst_B,Night,Imported,Type_C,439.54142818087695,145.62075582591285,97.17361131710132,1827.1038061120069,53.853201037706185,6.494954212584978,80.9535790023448,2.758278226358338,33.03620631373599,6.794577631477973,73.00157779498105,38.430742660128274,13.290910523040631,1.593607363896763,0.9432242035561972,11,3,4,8,52,1,2,2022-11-14 06:30:00,91.35519030560036,30.0,167.4338217408722,0.0,3320.1382478448263,61.651641571318635,33.927487519873345,True,True,True,Anomaly
Zinc,Catalyst_B,Day,Local,Type_A,175.01842222162622,137.82864664750795,157.94862523965065,1979.818150795442,55.58331347306118,9.9842592904469,80.38824462227623,7.403038314025752,35.59200135478589,9.94168522634926,82.15365105527017,16.7324138968902,39.64191898718692,1.5041091599933498,0.6700083396146355,16,3,5,12,3,1,1,2022-11-15 21:50:00,98.99090753977212,30.0,68.64836966411416,0.0,2131.379045795416,38.345663700462964,35.61892998255626,True,True,True,Anomaly
Magnesium,Catalyst_B,Night,Local,Type_A,305.478932901801,126.8041685878028,36.406535985348285,1702.4951232682183,41.22902025172464,1.2796225336857785,82.4736245449735,8.255531083388822,35.99511489787409,3.933776828945141,98.89052517222066,17.025091582426423,7.83509654008431,4.119564576927372,0.5946197554383785,16,27,2,8,34,0,2,2022-11-16 11:00:00,85.12475616341094,30.0,107.07876943275625,20.0,778.3059949274709,18.877625278881414,41.29361097774332,False,True,True,Anomaly
Magnesium,Catalyst_B,Day,Local,Type_A,441.14888142215534,55.29335159169517,78.93645471936351,1483.6745170495926,60.75939490822256,9.980395677760862,87.72772900835533,3.666292300651419,23.069452519738974,6.617299314988584,84.07677162773933,50.17323768749955,0.5277705781686803,2.4902658745799044,0.9722771918722064,11,5,5,8,50,1,0,2022-11-17 23:30:00,74.18372585247964,30.0,108.27797240947226,0.0,4742.399681147753,78.0521216235148,24.418849451853365,True,True,True,Anomaly
Zinc,Catalyst_B,Night,Local,Type_C,420.0091141956967,64.40575283448909,87.26518427652468,130.89283508334523,52.92642807049528,9.105333155551936,81.43625071648492,3.041804506744934,10.756015773080902,7.643769738090284,84.82195799321416,31.989537285708355,32.69454856861222,17.749746779974586,0.5381664812821407,6,18,4,12,24,1,0,2022-11-18 05:50:00,6.544641754167262,30.0,155.93887785440333,0.0,4088.9965745143936,77.25812460021032,2.4731091791987683,True,False,True,Anomaly
Zinc,Catalyst_B,Day,Local,Type_B,316.1760899302888,111.74575602079987,59.97013486274472,842.0272196816213,41.27522175824404,9.361037075953965,89.63735647779495,4.576942031869801,14.22625503948804,4.575832222282177,97.79893414581728,37.64225659391438,37.92070067867,14.710237997474248,0.6242006453764439,11,8,3,8,38,0,3,2022-11-19 19:50:00,42.10136098408107,30.0,65.52840220384458,20.0,3199.304669969088,77.51150772024818,20.40030758922429,True,True,True,Anomaly
Aluminum,,Night,Local,Type_C,257.7432188792053,103.07518505753114,121.32542128324944,1570.4850715137438,45.55359085524494,9.228075956647585,99.89020134000896,8.995853282333673,15.528333780902647,1.269305407591955,71.27703097567584,43.23156851652318,38.4782132634425,2.507681703623914,0.8506404371640837,12,16,2,12,29,0,2,2022-11-22 03:10:00,78.5242535756872,0.0,0.565997201094307,20.0,2598.631367442402,57.045587815459804,34.475549392017285,True,True,True,Anomaly
Zinc,Catalyst_B,Night,Local,Type_A,359.1438044212524,52.42699503572612,148.0858971795493,1915.4528087827505,41.34697000608489,7.5909356022308785,98.6064121496177,4.990684004713809,26.83298891041751,5.843358816650369,91.79638105350466,45.90718801080148,31.310287371837425,0.0904301615749481,0.7251524502472783,18,18,2,8,47,0,2,2022-11-22 17:10:00,95.77264043913752,30.0,10.009968847630724,20.0,3023.8037561233846,73.13241467702184,46.32631625729431,True,True,True,Anomaly
Aluminum,Catalyst_B,Night,Local,Type_A,341.4771715928539,129.86626905751166,179.73090222548555,688.6417365832672,42.380220954671685,8.803350944486812,80.27048718952828,9.855079556478431,13.486598064339445,6.959378497277473,74.39372950192062,29.68246910433613,27.681879196484225,4.846182563902435,0.6368945271750838,17,20,2,12,37,0,2,2022-11-22 23:10:00,34.43208682916336,30.0,134.74356462849718,20.0,3267.472566691208,77.09899790720713,16.249130397876236,True,True,True,Anomaly
Zinc,Catalyst_B,Day,Local,Type_B,396.1763827853615,108.54155066055183,51.5728879143063,1607.8426845676108,40.57535591549802,5.486484799215817,82.19256840062678,6.641615630215924,17.76796797457064,5.209383818981337,73.45706651785716,36.74929878138623,36.1618352559624,18.77672063141682,0.5275814506056973,17,18,4,8,40,1,1,2022-11-25 03:50:00,80.39213422838054,30.0,141.09767675474848,0.0,2565.412915201195,63.2258881608804,39.62608948929724,True,True,True,Anomaly
Magnesium,Catalyst_B,Night,Imported,Type_C,215.0824195921303,136.10188604767444,43.10385619910029,1759.8999896309494,44.25262002046657,4.9962918618610015,87.882592476226,8.436168260316354,35.644487563942654,5.605653928350747,76.5309150863231,12.128266023359645,34.43216661530108,13.5038639532144,0.5044240535486453,9,14,3,12,49,0,1,2022-11-26 15:00:00,87.99499948154748,30.0,52.124826587943936,20.0,1416.2229767027302,32.00314413130196,39.76939645193903,True,True,True,Anomaly
Zinc,Catalyst_B,Day,Imported,Type_A,294.3227471790464,93.8500348290834,122.18135669758874,1027.751997066315,45.962053313719,9.463650662525122,83.6280131740227,5.87383666725909,20.04364372476765,6.289515954903926,91.81443154079852,24.261306525575364,14.833519428316269,1.0385152424149746,0.5625030075488502,19,27,2,8,17,1,1,2022-11-27 01:40:00,51.38759985331575,30.0,96.37296278801593,0.0,3053.1044627131096,66.42663333323715,22.360880834702527,True,True,True,Anomaly
Magnesium,Catalyst_B,Night,Local,Type_A,498.969366732687,91.9416257577566,111.66642814650386,149.81625994488223,61.08297979495654,8.298161810838845,81.49062458840554,7.655237732957195,33.5935481300416,8.791251924757372,88.63612015346334,55.68624849816716,12.57240338760964,6.844526934096697,0.9232189164594802,16,8,1,8,3,0,1,2022-11-27 08:30:00,7.490812997244112,30.0,184.71222655481716,20.0,4447.854839611887,72.81659890435034,2.4526678372238178,True,False,True,Anomaly
Aluminum,,Day,Imported,Type_B,402.75022849849455,126.68469951281229,114.70370143825028,1644.956666365093,41.91620179112495,7.822566777508223,92.54674771834546,1.7389416502568078,38.206003474748414,2.424739450355926,93.59727058422186,41.73700997127531,7.662458014910136,6.681706379710287,0.7522897577595483,13,27,1,12,42,0,1,2022-11-28 05:20:00,82.24783331825466,0.0,60.035981189865865,20.0,3438.427588185405,82.03099138895344,39.24393423245197,True,True,True,Anomaly
Magnesium,Catalyst_B,Day,Imported,Type_A,494.5504432256149,145.0362493350474,142.38341521691348,1849.8887521141712,40.65286404752396,8.453406836672167,87.47934162641613,7.799553122651327,21.622716364796496,4.97573529446448,93.26255827204449,28.395330890794824,20.2472576459185,5.065756419356506,0.762306947417037,10,27,1,8,12,1,1,2022-11-30 11:30:00,92.49443760570855,30.0,123.8419429626482,0.0,4579.699764744141,112.65380366289534,45.504512300821325,True,True,True,Anomaly
Zinc,,Day,Local,Type_A,440.9567281412548,103.64843529837324,85.79344442258652,1636.2029737367473,45.43415380371225,8.79974952252305,82.94591895446489,1.40370393527658,30.22442945909544,3.3180591463717084,89.16161980706349,50.32395744143686,22.321984599926616,17.378718154186576,0.651213544886639,11,20,3,8,27,1,1,2022-11-30 23:50:00,81.81014868683737,0.0,150.4022355858991,0.0,4291.594813016886,94.45746104478425,36.012621271776815,True,True,True,Anomaly
Magnesium,Catalyst_B,Night,Imported,Type_B,247.6126066657764,137.426761448148,38.80264332277341,1505.0747981901773,42.9064150037086,8.431769994931186,86.73685324153317,9.448061587975989,17.944729745941366,1.987961762573596,76.59399022408925,29.21665952469206,11.020387932180425,8.079339316387859,0.7954054832315588,12,16,3,8,15,0,0,2022-12-02 10:40:00,75.25373990950887,30.0,65.68244682909426,20.0,2403.730429718408,56.02263506542418,35.07808326703796,True,True,True,Anomaly
Aluminum,Catalyst_B,Day,Imported,Type_B,420.9390451568006,142.0063451150247,153.82399857894785,1959.1593038298915,62.46218013484404,7.7959258582916435,95.26084582221688,9.159288880990673,30.635350243799863,3.5668673968164337,83.65805848563613,15.988530120345024,37.97245383140004,3.64922670589986,0.601682866676799,9,7,4,8,39,0,2,2022-12-02 17:20:00,97.95796519149458,30.0,39.897900688937895,20.0,3641.807548780741,58.304201693228876,31.365528702335347,True,True,True,Anomaly
Aluminum,Catalyst_B,Day,Imported,Type_B,413.2370155505016,105.13596361396448,55.20620391228224,1499.8445256629284,57.456353782825786,8.669994534168993,96.89719874581938,4.235251760279937,19.282997955021383,4.059543612765338,85.16479448440202,16.923174211660815,25.22511076925917,10.994877276742727,0.6308555245119578,18,28,3,8,47,0,1,2022-12-05 05:10:00,74.99222628314642,30.0,25.64384660247905,20.0,3809.185013659856,66.29701961349409,26.10406729483842,True,True,True,Anomaly
Aluminum,Catalyst_B,Night,Imported,Type_A,123.39029428765129,115.32195316053738,153.44198219594745,1942.063788100179,52.04899843851855,1.3992500113184538,95.43138147003282,7.425006864501229,38.80532118907769,3.450233417447232,87.07655505313073,34.18760519748561,25.535115903253715,4.04041602618287,0.8989652069498432,4,7,1,12,13,0,1,2022-12-05 19:30:00,97.10318940500896,30.0,11.27446369801335,20.0,514.418088077009,9.883342686884767,37.312222066946944,False,True,True,Anomaly
Magnesium,,Night,Local,Type_C,311.73600126791973,144.82928940929497,112.34578344407632,1796.594011972328,42.36392680563809,4.668525056639719,95.25735942061812,0.1752818861854788,13.21623604829644,6.493506681341275,93.87304232034568,34.80037035038073,9.958605627528524,8.008691684408824,0.5982045146454176,6,6,5,12,52,0,0,2022-12-07 05:00:00,89.8297005986164,0.0,29.56903619334957,20.0,1736.400366458695,40.98771047417641,42.40858077710645,True,True,True,Anomaly
Aluminum,Catalyst_B,Day,Imported,Type_B,466.4430641058244,105.1527948051834,94.64402221752998,170.49312834904407,46.04641426872885,7.154620809274666,83.94530332752721,5.429020963927474,17.956162908840888,1.24879476880022,70.71839669332302,11.30575674874201,1.1029715875062251,18.099674791490205,0.9377413331892877,1,12,1,8,9,0,2,2022-12-07 07:20:00,8.524656417452205,30.0,149.77203818395583,20.0,3571.3876215374203,77.56060223700914,3.7026363736824077,True,False,True,Anomaly
Aluminum,Catalyst_B,Night,Local,Type_C,419.1542181435223,64.82501695945128,177.09161308626832,1664.455279256501,53.528014168362745,9.985850088156138,83.37642444706314,1.3518054759102591,16.88014620952358,8.555830499456741,75.45517871801614,24.00119666817025,7.161030969001763,12.759186807058676,0.9998432193676704,6,20,4,8,21,0,1,2022-12-07 08:50:00,83.22276396282506,30.0,139.35683627282037,20.0,4605.174333794644,86.03297554267371,31.095031360985224,True,True,True,Anomaly
Aluminum,,Day,Local,Type_B,451.5389977902508,84.61471419117436,95.32293425519728,823.0022131460852,53.63062490919799,9.83063806145688,90.30129030993967,2.565108899467319,34.95991742383406,1.0603967564499135,73.62845604783938,43.04264834948283,35.61160406867906,14.248192642360094,0.5549893237133338,18,26,4,8,21,0,2,2022-12-07 14:10:00,41.15011065730426,0.0,87.58691306616866,20.0,4629.335824696064,86.31888650438052,15.345750949937843,True,True,True,Anomaly
Aluminum,Catalyst_B,Night,Local,Type_A,446.30146944252726,100.44328353644616,62.423684804990174,1842.9150799789056,49.56202579430781,7.189132418261291,82.19143523305007,1.7901921173263002,24.012709637108745,7.748167220346373,72.87467358594716,33.06841763641592,4.258609657929688,16.838918614056983,0.6529764258014279,15,23,3,12,1,1,1,2022-12-07 19:40:00,92.14575399894528,30.0,158.95977248304345,0.0,3663.7675584537647,73.9228774396576,37.18401438285366,True,True,True,Anomaly
Zinc,,Night,Imported,Type_A,429.7155392346656,91.82241776355708,149.07283596227802,1344.8283741086243,53.2902989854216,9.659750721350392,98.41573840542924,4.324230570877509,29.996164581340132,1.575047764386591,85.37373024515682,54.56582195505316,19.973645155629747,8.546364741732326,0.6649106984811135,4,25,2,8,38,0,2,2022-12-08 15:00:00,67.24141870543122,0.0,13.615636507994882,20.0,4355.763386033555,81.73651619453558,25.23589470714967,True,True,True,Anomaly
Magnesium,Catalyst_B,Day,Imported,Type_B,298.2879523539508,136.89116956682,94.23596245913576,1322.1371412421806,41.39238969306735,9.428486629312571,85.60034753033644,2.173323312144475,35.30533904400387,9.323286575580353,99.3454190445656,33.64097327370879,13.93884377984065,13.336214752159403,0.9434135389483624,6,13,1,12,5,1,2,2022-12-09 12:30:00,66.10685706210903,30.0,85.90485699568907,0.0,3124.372697062857,75.48181489956706,31.941551358742164,True,True,True,Anomaly
Aluminum,,Day,Local,Type_C,496.7859767289925,102.95592806044574,80.8214141122053,578.2351550205234,48.47095015540394,7.167766115908222,91.57160152761676,1.6632117920969058,37.155446308827095,2.3497887040126084,75.60177735951525,58.93599530602024,22.891475418755554,5.006842724352872,0.5892009371243605,13,9,4,8,23,0,1,2022-12-11 06:20:00,28.911757751026173,0.0,83.74220334728109,20.0,3732.009832203187,76.99477357546935,11.929519705444788,True,False,True,Anomaly
Aluminum,Catalyst_B,Night,Local,Type_A,300.10188763210226,112.23417100151916,146.34552093986397,1878.966762989421,46.33491165226494,1.0332346296479709,86.93629471094143,6.058294116406206,34.37600610102209,1.098101831205018,97.13892803934932,31.36954148394575,5.6675702430028085,1.4404479812632176,0.684004079715731,6,20,3,12,40,1,3,2022-12-11 15:10:00,93.94833814947106,30.0,78.40885233431916,0.0,666.7459789356052,14.389710806819103,40.55185811274928,False,True,True,Anomaly
Aluminum,Catalyst_B,Day,Imported,Type_A,228.6281090748741,73.47988213379428,114.87872800937645,1892.4849716037863,42.49902787281797,9.473190235526555,82.81137234097025,7.682741829162393,20.5700195474262,4.983893525646904,77.88533083547641,13.577176802649207,2.246600678734132,16.902371187769344,0.8172554501079909,4,13,1,8,14,1,3,2022-12-13 00:00:00,94.62424858018932,30.0,78.59606878552104,0.0,2521.36755711438,59.32765249736514,44.53007671768898,True,True,True,Anomaly
Magnesium,Catalyst_B,Day,Local,Type_B,322.66407965852034,104.18127579925716,176.48854819819195,1736.1343562849047,45.0608171500383,7.308260984800865,93.20853313096389,7.24013596363087,24.683745554832637,4.967207354015567,78.92960985291103,48.561396462102245,29.98564357704334,0.4170209502632604,0.5788289661210226,3,29,1,12,34,1,4,2022-12-13 06:40:00,86.80671781424525,30.0,43.82724813657739,0.0,2674.4411197406403,59.35181137163127,38.528692245063496,True,True,True,Anomaly
Magnesium,Catalyst_B,Day,Local,Type_A,352.52113211235326,74.18674763522542,101.226608713079,1737.5215510016596,55.13758032809408,9.707895415525176,94.3464713967238,8.022180924352377,29.994904490965084,2.306769982048098,77.9966730253302,55.13319974967816,19.28742837752214,0.2762743786718435,0.5964391744565001,8,11,5,12,25,1,3,2022-12-14 00:20:00,86.87607755008298,30.0,39.85976607312981,0.0,3715.711265268019,67.38981368347721,31.512473718697912,True,True,True,Anomaly
Zinc,Catalyst_B,Day,Local,Type_C,299.4104306965555,96.16058808151917,130.1298865426283,1907.6721253254816,56.55240248432606,7.995624684237302,86.90232441965333,4.661670999136971,16.502621115849735,1.0845405339096938,93.24226796829797,27.73034930374368,14.4636874589045,1.2266730365229803,0.9515280566724854,5,11,4,8,12,1,3,2022-12-14 10:20:00,95.3836062662741,30.0,78.43161373270713,0.0,2761.356437742169,48.82827813561945,33.732821976116895,True,True,True,Anomaly
Magnesium,Catalyst_B,Day,Local,Type_A,457.7127295733302,80.78168006164086,92.86405811337367,1459.1592485592798,42.64237814122001,7.423227111720761,96.1759013255472,7.232448143418048,30.30189205132754,8.674038065173265,80.72252777135974,28.630880990153408,31.72511495535118,7.559450642496081,0.5009916087072689,19,16,4,12,17,0,0,2022-12-14 18:30:00,72.95796242796399,30.0,35.00677284883092,20.0,3684.69011163143,86.40911394361578,34.21852420441795,True,True,True,Anomaly
Zinc,,Night,Imported,Type_A,430.5240972818213,52.441694179363175,45.522823963655455,927.3193447611662,59.7280293523026,9.527760889826665,92.04569990209292,9.859714840109808,21.098432831391257,7.135189841229602,72.64691162905041,32.1514923504959,23.311072309937536,8.733697391917609,0.5344171741817044,8,17,5,12,42,0,1,2022-12-15 13:00:00,46.36596723805832,0.0,68.4903573832029,20.0,4305.186621377016,72.07983702229824,15.525697981619693,True,True,True,Anomaly
Magnesium,Catalyst_B,Day,Imported,Type_C,349.27781474057747,79.32472176192779,155.0548025297901,1899.4275869292012,49.240526585453935,3.577939858506446,96.8133845589876,6.127624791112659,27.32701017229649,3.667899076865708,94.07571145590563,28.307414486720784,16.09391400062355,2.759259253448536,0.8597049382283222,17,7,5,8,15,1,2,2022-12-16 12:50:00,94.97137934646008,30.0,22.26028155310791,0.0,1566.8690328463356,31.82072048167742,38.574477542047816,True,True,True,Anomaly
Aluminum,Catalyst_B,Night,Local,Type_C,374.5473095146007,130.83806618598533,37.04155288590317,1859.929909154616,47.45165937769349,4.357371762597392,85.95193439063907,3.84522968912676,39.73148700972851,2.7287284499332958,99.663778717377,45.98697482169543,7.24539418206481,18.218123604540477,0.8176601123456956,9,14,4,12,37,0,3,2022-12-17 11:00:00,92.9964954577308,30.0,105.2333035574146,20.0,2051.913724830811,43.24219114232691,39.19630911851628,True,True,True,Anomaly
Aluminum,Catalyst_B,Night,Imported,Type_C,210.0330795310712,63.18698052512263,86.66298056840927,1583.9233682458262,40.610520285274646,6.4033343906574975,90.93908509899144,7.924781364704017,14.747648606698217,2.532828521929667,84.63078595929096,27.758496677771703,9.57013781711745,14.07078772793171,0.7845987657511784,2,9,2,12,21,0,0,2022-12-21 07:30:00,79.19616841229131,30.0,38.06183720055596,20.0,1653.8589904934008,40.72489046866728,39.00278442923953,True,True,True,Anomaly
Zinc,Catalyst_B,Night,Local,Type_A,467.629910553463,84.98046393605107,114.50619797199134,1391.7985344256049,46.83701055797792,9.80076467173528,82.21708117847955,7.134968423933215,11.864495210474312,3.353065131297493,82.7043971482101,48.90261398619681,32.6467596458558,3.202925000643242,0.9548220551161426,4,29,4,12,40,1,5,2022-12-21 15:20:00,69.58992672128024,30.0,166.31649475774208,0.0,4930.77036699152,105.27508712128179,29.7157849710059,True,True,True,Anomaly
Zinc,Catalyst_B,Night,Imported,Type_B,300.27890820769005,81.64572038959693,138.62576218565624,1913.366643587477,46.40988451880703,9.116378171737004,80.92720316594423,6.402525162604679,10.53907423696248,4.7607163925711085,97.07735487351536,30.83854212906874,32.43647727647837,4.397096371366905,0.959341405857825,17,8,4,12,38,1,2,2022-12-22 05:30:00,95.66833217937386,30.0,114.54317219594702,0.0,3188.7716020162075,68.70888895929049,41.227567433659715,True,True,True,Anomaly
Aluminum,Catalyst_B,Day,Imported,Type_A,299.06977028089574,104.62549588124162,164.521181059679,1818.308227411904,48.59143514445043,9.811181776328798,92.24409100898804,6.676326624227418,18.39292268702286,8.786974813140695,76.96840077729286,43.91759896090972,24.04833819557196,4.94352785186093,0.9287949563248524,3,25,4,8,26,0,1,2022-12-23 06:10:00,90.91541137059522,30.0,46.39115840522956,20.0,3291.9105518397737,67.74672413057425,37.420344182190114,True,True,True,Anomaly
Zinc,,Night,Imported,Type_C,258.2061228830696,124.83389336550268,41.44342398259319,1938.071478984699,51.40273294474589,5.011674051303576,82.71192202521351,2.486531596410157,24.15145419456938,5.329313507984323,91.60168820672772,25.719286574010116,9.06348493113331,9.564444418342095,0.9121786332381564,9,22,5,8,27,1,3,2022-12-23 15:00:00,96.90357394923495,0.0,89.27775171939618,0.0,1634.8091044432117,31.80393358073995,37.703666088493414,True,True,True,Anomaly
Magnesium,,Day,Imported,Type_C,299.46524938525545,134.4022574187635,151.20070232576225,1856.892324831683,40.72555986211838,7.284599798269482,91.20935105841104,2.9886292297904102,27.092427165675183,8.840387076821681,77.64846749231758,36.14260794419576,33.76346401602298,0.0466587754360503,0.7801768443563051,4,3,5,8,7,1,2,2022-12-28 21:30:00,92.84461624158416,0.0,52.64987755102348,0.0,2491.1390293117106,61.168932673873165,45.595255930634984,True,True,True,Anomaly
Zinc,,Night,Local,Type_C,101.22794749934106,106.43436604946234,72.94239126006045,1703.675054705077,40.36014080248155,8.610677757394189,89.35824539885819,5.5180877805606805,30.812435066452714,3.671584623343228,73.3879987565758,34.2201792157761,29.936640776620685,17.009600817261006,0.6256088163190587,3,23,1,8,6,0,1,2022-12-29 00:30:00,85.18375273525385,0.0,21.5448595213051,20.0,1111.4656987129763,27.538697254610113,42.211821386914636,True,True,True,Anomaly
Magnesium,Catalyst_B,Night,Local,Type_C,268.8157938022391,133.22996281348088,144.6739384517715,1381.5028291924696,45.539363858320286,9.09829187176712,82.27707312326858,1.41824212509558,34.95482572129882,3.045904778443677,99.2269015424499,24.807843426088773,24.675600663526605,6.899883126281308,0.5099229925989841,9,19,1,8,27,1,1,2022-12-29 12:30:00,69.07514145962348,30.0,95.28405313735192,0.0,2739.3967898797077,60.15448082240185,30.336454270431396,True,True,True,Anomaly
Aluminum,,Night,Local,Type_A,306.7014682011595,141.69975533958956,42.29717563148338,1631.6332384490322,44.77846936239104,9.137173098620176,83.41770193209746,0.5945221378979559,37.20915311625727,6.091923677532088,86.84553912429256,42.07853900488944,32.93441901786408,12.830518555390803,0.6728605857720243,19,10,3,8,44,1,1,2022-12-29 16:20:00,81.58166192245162,0.0,101.71630327149924,0.0,3136.502032264127,70.04486926251306,36.437896642787514,True,True,True,Anomaly
Zinc,Catalyst_B,Night,Local,Type_C,446.02728671854464,100.46717366187129,171.24648922446892,750.8739976228053,45.03865672688352,7.711910669092758,85.39902860429166,0.4755594181935307,38.5058018270763,9.96549423544318,97.13877744563878,31.620268129192272,7.669785029585552,7.590489182759015,0.511879051912878,4,22,3,8,33,1,2,2022-12-30 15:40:00,37.54369988114026,30.0,130.24863310165745,0.0,3715.119864682538,82.48735940796803,16.671767148299732,True,True,True,Anomaly
Aluminum,,Day,Local,Type_A,401.9962673137823,149.42187329637716,97.46632449938676,1807.9677099657629,40.84271551639261,1.3111078683282646,84.66971610390478,2.3840544803271104,37.390759231108895,4.262877792773177,81.03532170293701,51.93521513602933,14.378922578898434,0.559533551701592,0.8053280261460543,8,20,3,12,2,1,1,2023-01-02 07:30:00,90.39838549828814,0.0,123.25433806181732,0.0,879.5954363309515,21.536164410466725,44.2665892095279,False,True,True,Anomaly
Aluminum,,Night,Imported,Type_B,486.3573705723676,89.25114534129794,105.77887123600576,1533.292188665542,47.06832255292954,7.984224842400773,88.73831508127749,3.658675813612774,18.921612268869985,2.627777010429601,87.6677057372816,11.248454173701852,1.8493609502458552,6.552253043478133,0.7860560123358908,6,5,3,12,15,1,3,2023-01-03 04:10:00,76.6646094332771,0.0,109.54406930568727,0.0,4194.247747743376,89.10977745227348,32.57588342863325,True,True,True,Anomaly
Aluminum,,Night,Imported,Type_B,488.6889507586914,73.21081067272061,73.12661551559005,953.9113569668258,66.69511453099508,9.965290307529443,82.40906492819715,6.383594548557738,26.35787355581661,2.2655602534868957,81.480671457527,34.243084415129985,1.9140462913774223,15.265064693513242,0.7676613310650455,18,14,3,8,44,1,1,2023-01-05 09:40:00,47.69556784834129,0.0,171.92991206207202,0.0,5176.659101161553,77.61676604897072,14.302567192136937,True,False,True,Anomaly
Magnesium,Catalyst_B,Day,Local,Type_A,481.01560600674895,131.8277435335198,51.32973173079876,1439.5541453084156,40.61066948489706,6.858935476217407,89.05699125378804,0.8354713330663743,39.45748269862119,5.087906902210299,92.85085335940792,10.395432742213586,26.337471914122297,11.796015564395256,0.965517173548543,1,20,3,8,2,0,3,2023-01-06 17:20:00,71.97770726542079,30.0,105.27515967192598,20.0,3618.186885436276,89.09448997835077,35.44768317212254,True,True,True,Anomaly
Zinc,Catalyst_B,Night,Imported,Type_B,467.5329884995541,138.96030911413567,117.13935595094264,1325.1401198367964,42.14725440389692,9.44423070834785,83.4881399561345,7.998684414678349,36.08536969771269,8.697607665585043,95.11493179534384,30.58094336016004,14.09173051266544,11.500371857549135,0.8088388195076535,10,20,3,8,45,1,0,2023-01-06 23:10:00,66.25700599183982,30.0,154.3967854398963,0.0,4773.676615241188,113.26186445017437,31.440722262427474,True,True,True,Anomaly
Aluminum,,Day,Local,Type_A,327.7926758938661,112.6882555607823,34.894034696787614,1608.86467672908,45.58526046564939,8.621418462449519,91.30164420493767,7.574737616746936,13.818245873273188,9.574964565651156,86.77408112648926,22.48309984657946,0.2470388733117534,9.87120138741702,0.8838654828846417,9,13,4,8,21,1,2,2023-01-07 01:40:00,80.443233836454,0.0,57.025146438807816,0.0,3103.6108798511077,68.08364914772885,35.293528221505596,True,True,True,Anomaly
Aluminum,,Day,Local,Type_A,55.58690095991175,82.74886651390031,163.4860111165177,1867.640836388903,46.3844693101648,7.998508304584449,96.30225976654508,3.3365713080305035,21.065959462220505,7.308113970778864,81.63496697331601,21.98470872246525,22.92580928711553,13.740362280614368,0.7955118314900141,9,6,4,12,15,0,2,2023-01-07 04:50:00,93.38204181944516,0.0,4.110918402650775,20.0,679.0684328767092,14.639995735121982,40.26435710410561,False,True,True,Anomaly
Aluminum,,Night,Imported,Type_C,354.7268397901951,116.02949297288076,166.05081106469905,1465.1217697114,45.64914893094941,7.740023643849978,85.02939523889685,8.377190823668235,18.90722056336311,8.014855960844256,75.07980788287985,47.45323492634793,7.159096321608542,11.773545528872091,0.8749096200389297,18,25,5,12,38,1,1,2023-01-08 14:40:00,73.25608848557,0.0,106.20950633308334,0.0,3065.64127622342,67.15659213845635,32.09527020816089,True,True,True,Anomaly
Magnesium,Catalyst_B,Night,Imported,Type_C,439.2600382541688,55.398633745282645,124.10251261231733,528.1292851361927,50.13712020927134,9.796165807078872,88.13709243677141,7.323159434576119,19.42610512851361,9.48704897809334,83.88871354326663,50.206968312798175,6.827352238774807,7.427554943154959,0.5340491732787835,12,6,3,8,17,1,3,2023-01-09 03:20:00,26.40646425680964,30.0,104.21802460058916,0.0,4517.808633959006,90.10905722350553,10.533698045116905,True,False,True,Anomaly
Aluminum,Catalyst_B,Night,Imported,Type_B,420.96960129440015,89.68420291610211,129.24273366465252,579.2624458831615,43.690706615597584,7.0373619862600005,82.5831707342429,5.15313327156646,21.87200261696445,5.898770829454801,79.08499064493869,36.30680124643868,7.94615440609669,9.297369403463252,0.6518516150159566,3,14,1,8,38,0,2,2023-01-10 14:40:00,28.96312229415808,30.0,146.63911343636818,20.0,3234.4084113074646,74.02966584552287,13.25825308754253,True,False,True,Anomaly
Zinc,,Day,Imported,Type_A,419.3162886401673,62.30261158640104,127.2038806557625,1670.5046809768428,61.20556521076189,9.252912720909489,96.48369193965044,8.366388383624239,36.34554116707345,1.8660108466018608,76.72658757932048,13.915125621876298,7.229815443511356,2.920296024238556,0.7222527637435716,11,19,5,12,26,0,1,2023-01-12 16:10:00,83.52523404884215,0.0,29.48890491162566,20.0,4156.458143413901,67.90980736965832,27.29334620511134,True,True,True,Anomaly
Aluminum,,Day,Local,Type_A,405.2212833056886,91.51689464777432,118.41642931866454,1451.0644804260376,41.06703154234869,4.006185578153588,92.54806784226382,8.180686694590138,14.844873329072453,4.257972158105872,91.17193753902885,22.7343449207748,15.71986548388022,19.77756155007414,0.7923072935535718,2,19,5,8,23,0,5,2023-01-13 04:30:00,72.55322402130189,0.0,60.39363024129572,20.0,1913.6496564794609,46.59819774180874,35.33404840643734,True,True,True,Anomaly
Aluminum,Catalyst_B,Night,Imported,Type_B,283.1249707461295,130.54429978720833,175.25997570357634,1788.8168475846398,42.75843829723522,4.918469998580994,80.56770134400723,1.216034808098464,15.655433184758158,7.883085336300336,72.35483671950405,46.98376270908412,16.446785112017942,19.49547782977671,0.8453501283472012,6,5,3,12,26,0,7,2023-01-13 11:20:00,89.440842379232,30.0,110.03537977016006,20.0,1769.6608547256835,41.38740621029909,41.83541118012033,True,True,True,Anomaly
Aluminum,Catalyst_B,Night,Imported,Type_C,409.3744086769716,108.84684373404404,146.7763680581598,1913.9241103939096,69.64562273877749,9.772414684978036,91.94536659677078,5.730167075437402,16.757934516368678,4.677344605313811,83.35278567106393,38.852595529951806,25.49363645302447,7.501683888319102,0.705428645888569,10,1,1,8,47,0,4,2023-01-14 13:00:00,95.69620551969548,30.0,65.94721573113488,20.0,4380.739843600828,62.90043324089206,27.480895928988073,True,True,True,Anomaly
Zinc,,Day,Imported,Type_A,149.94553873591235,57.891541810566125,115.46651104473511,1924.588686705408,51.10774330120918,1.708782353859986,86.29957466576519,6.022527524439977,24.844281919761755,1.066077583962756,80.59206301518847,29.51624458375465,27.930569854913685,14.805168475454009,0.7731540914876186,14,4,2,8,1,1,2,2023-01-14 16:00:00,96.2294343352704,0.0,41.08635315305962,0.0,528.2756133526341,10.336508310280555,37.65747736820681,False,True,True,Anomaly
Aluminum,Catalyst_B,Day,Imported,Type_A,252.14870808041067,120.56490425245894,31.77775986127424,1895.4665626969368,49.85012809915676,9.20052142743284,88.59126516238081,7.418265878386494,28.193666166484864,9.384998495165704,80.53498089029281,16.59071334984288,6.434054057450607,3.5616017833827263,0.7604359838510514,9,23,3,12,43,1,1,2023-01-16 11:40:00,94.77332813484686,30.0,57.53395500275308,0.0,2641.8815388921275,52.99648445510847,38.02330375012616,True,True,True,Anomaly
Magnesium,,Night,Imported,Type_B,484.4313082314214,113.19248170392008,131.6594043727018,1628.8805732723197,74.9424531611496,9.23275053786944,82.12905916939948,5.043303677201717,30.700802294296675,9.596878790070903,83.0221529272211,37.21487275643807,26.562598518143407,13.477031696260102,0.9910381938728064,13,7,2,8,49,1,1,2023-01-17 03:40:00,81.44402866361598,0.0,173.1448649178826,0.0,4853.391987151247,64.76158415464388,21.735084782582703,True,True,True,Anomaly
Zinc,Catalyst_B,Night,Local,Type_B,104.32822954811613,131.79585284740918,112.24187829877262,1958.2204045486476,45.31348288128073,2.969571011549161,91.27051746334526,7.009782976713895,36.99117169710236,3.2023274127457064,81.88259606127284,59.53928828179094,23.24530097903196,5.191464375477368,0.9862567155373028,9,23,4,12,28,1,2,2023-01-17 06:30:00,97.91102022743236,30.0,18.21462915840774,0.0,622.7344576002322,13.742807173568368,43.21496119993902,False,True,True,Anomaly
Aluminum,,Night,Local,Type_B,178.42179794855537,112.7715644233746,101.88463622366992,1976.986647281131,45.09489559417095,3.004229118838769,99.49782570670594,5.8503961730958585,19.389072356920792,2.5117750433186323,97.81109723264191,36.53510349453947,23.203760333543208,12.448373545028897,0.5451977993217538,19,2,1,12,28,0,1,2023-01-17 23:50:00,98.84933236405654,0.0,1.7919768058614505,20.0,888.2924169577365,19.69829190762244,43.840585973918515,False,True,True,Anomaly
Aluminum,Catalyst_B,Day,Local,Type_A,364.64471992299696,59.20903026388543,124.8674134099946,1386.8448564446558,46.48937074197256,6.519383821911045,82.7090862726886,7.507466321689517,29.34480030163475,4.866791623387324,71.04181827442427,16.268488060556816,17.46286474662132,1.7689592889190675,0.5952914803383964,10,16,1,8,30,1,0,2023-01-18 01:20:00,69.34224282223279,30.0,126.10080786616344,0.0,2696.258288396402,57.99730659641101,29.83143962395159,True,True,True,Anomaly
Aluminum,,Day,Local,Type_A,498.6050692430178,146.06674236912602,77.84525302480478,114.12607230483611,41.44469992024715,7.312633084490153,89.89846697591034,4.996113958862864,10.464599797913843,6.942246732277781,72.43722587060029,15.13008443054318,22.3004969202236,9.487817331514991,0.7121005178366409,1,16,2,8,11,1,1,2023-01-22 22:50:00,5.706303615241807,0.0,100.73351145873713,0.0,3754.38731332408,90.58787542312336,2.7536952257936758,True,False,True,Anomaly
Magnesium,,Day,Imported,Type_B,392.74403072150005,121.72192769558468,170.21134761566154,1684.8398466306774,47.56301789195704,4.746508483972519,83.66292209808154,9.501769556920138,20.81560801402933,4.605219999575381,73.9116965661029,28.08035730379496,32.628170273550886,13.773635103827848,0.8605417472726485,12,3,3,12,9,1,0,2023-01-23 14:00:00,84.24199233153388,0.0,128.32579650821208,0.0,2174.39179625743,45.716018298013054,35.42331671337419,True,True,True,Anomaly
Zinc,Catalyst_B,Night,Local,Type_B,412.9894391978858,98.06060120994684,70.69198111257472,1658.2325931112566,56.67749620230634,9.36179398127498,90.54487355952196,7.079294801490937,22.51528133581867,5.028363551033439,82.6081081221462,50.47507364664446,9.374742989258458,16.343363542640194,0.7608803103286021,9,5,5,12,17,1,1,2023-01-24 06:10:00,82.91162965556283,30.0,78.09734732396251,0.0,4201.624602105998,74.13214915331818,29.257336760119255,True,True,True,Anomaly
Zinc,,Day,Local,Type_C,436.0180144538924,135.14251619032154,47.047156978800544,1947.180552177373,62.88833406559209,7.079194126063397,83.8791716319262,3.820365236862738,39.8417938687882,8.840511348649974,98.0434514888168,52.54204598723436,3.864767758887444,8.064518400574816,0.7221608637504431,2,17,5,12,7,0,2,2023-01-24 10:00:00,97.35902760886866,0.0,140.57943152799044,20.0,3473.1785958482856,55.22770872298485,30.962508088487088,True,True,True,Anomaly
Magnesium,Catalyst_B,Day,Imported,Type_C,84.30133116636442,52.24589453370324,65.02982861464547,1804.8598197254316,42.44906378611208,9.594423748492318,93.04678461842272,2.978598284745455,17.63734660608931,7.469249963012861,87.96906085639405,24.474308817645888,24.575704106117584,17.628432680342243,0.9370105333010604,8,25,2,12,9,0,1,2023-01-29 04:10:00,90.24299098627158,30.0,11.72330625106809,20.0,1075.491570586964,25.336049247305873,42.51824795994492,True,True,True,Anomaly
Magnesium,Catalyst_B,Night,Imported,Type_C,477.4839915795979,128.9085287480109,44.25158202680414,257.049990431511,54.18266703719465,8.76098818934245,89.41511277189937,7.951969223082267,30.96125462646916,6.946520972235561,92.5893452417982,13.015332130604897,22.05717750945758,3.8239078625329936,0.6379387607400424,11,12,3,12,5,0,3,2023-02-02 02:40:00,12.85249952157555,30.0,101.08228408186784,20.0,4415.6255765540445,81.49516843685197,4.7441369073813675,True,False,True,Anomaly
Aluminum,,Day,Imported,Type_C,332.18295232557426,89.01345523081707,158.02729734983103,1602.600649448601,48.80104569622269,7.261553765597685,83.42490021136169,3.619422587975114,30.428050487977053,4.711951570378826,87.01930071634735,49.98854314410384,31.944136746149884,14.233486680209772,0.9677101847449168,10,18,5,12,47,1,2,2023-02-04 07:20:00,80.13003247243006,0.0,110.11931165761754,0.0,2726.303059487628,55.86566887230964,32.83947355194985,True,True,True,Anomaly
Zinc,,Night,Imported,Type_C,413.96884980768266,147.71189793990453,88.90324958467,1484.9788849280287,56.98927000707555,8.523872603631697,92.58099628268944,8.792379513275119,32.04875056382066,5.292529297010853,82.9772543347793,59.26407228410168,22.892181882506964,7.363418619135576,0.8556846165185481,10,17,5,8,16,0,0,2023-02-05 01:40:00,74.24894424640144,0.0,61.424728711479375,20.0,3838.3005321805504,67.35128440325703,26.057166283120665,True,True,True,Anomaly
Zinc,,Night,Imported,Type_C,477.22718497777385,140.06998913928766,169.54530763667518,1145.1639627192446,49.186832909884544,8.755413542396926,84.93402863548049,3.590055294628768,28.74489094495422,8.826857463574568,81.79642648589687,35.045242627564306,5.895285593284458,7.878891410683959,0.9197584887598188,2,23,5,12,29,0,2,2023-02-05 10:30:00,57.25819813596223,0.0,143.79782206490796,20.0,4464.120326726576,90.75844209984642,23.281921094966727,True,True,True,Anomaly
Magnesium,,Day,Imported,Type_A,443.53465543293305,51.39722945323755,37.0539522066582,1334.5229539528527,57.28798025584233,7.5001159958131005,84.37655861646809,1.4404927321291128,22.576231554279957,2.64931149258035,77.15133680329568,19.316039052977025,6.63832352453158,10.893258133436053,0.8802791352294885,1,5,4,8,45,0,2,2023-02-08 16:40:00,66.72614769764265,0.0,138.59075381442906,20.0,3664.061234196789,63.958638755171016,23.294990467337268,True,True,True,Anomaly
Magnesium,Catalyst_B,Night,Imported,Type_A,413.0901070602626,134.36022602658178,120.35994166042136,1400.9376628735056,49.14103711564764,8.615757508763695,94.17948826728605,6.2161875093572485,30.3109632133917,7.355064450831785,75.62747186071883,33.7668550964848,26.09728841170888,19.18643219702445,0.6367120993462684,17,4,5,8,1,1,0,2023-02-10 07:50:00,70.04688314367529,30.0,48.08791629624641,0.0,3819.1652761223936,77.71845081605498,28.5085082672668,True,True,True,Anomaly
Magnesium,,Day,Imported,Type_A,488.9308262867318,79.44992014321669,84.19205544008143,215.51551312272363,44.19823429380399,8.928296498498097,99.81269234062805,4.194646479239051,26.435033078993964,2.789897941106082,86.02997217746653,48.08572508014071,17.625003317942415,10.557192925227117,0.5433101161351342,5,10,4,8,46,0,3,2023-02-10 08:30:00,10.775775656136185,0.0,1.8316097733314327,20.0,4388.524056523023,99.2918411027618,4.876111377891312,True,False,True,Anomaly
Aluminum,,Night,Local,Type_B,372.7693314941933,131.9719184482307,101.58629816166426,1351.271287002417,46.0594568460304,9.69008349475568,80.76960036964866,5.251907612437793,21.7390087819158,8.48019566502774,72.31589808802981,34.67274888541913,37.436079635387,3.6433343481033886,0.5278291758983721,6,15,3,12,20,1,3,2023-02-10 12:00:00,67.56356435012086,0.0,143.37006429144506,0.0,3974.625698671293,86.29336885056739,29.3375428094931,True,True,True,Anomaly
Aluminum,Catalyst_B,Night,Local,Type_A,438.8331715077517,106.03221507367404,65.6198224392812,178.87491421506928,53.98112570472672,9.624023890825896,82.51504454179066,9.713798981194552,38.29689543993592,7.693712273243836,70.02653935534833,35.19730487385539,20.984453332857782,14.27648107215412,0.8905354905151663,5,5,4,8,47,0,0,2023-02-12 10:00:00,8.943745710753465,30.0,153.45956914795556,20.0,4455.354621444752,82.53541517113324,3.31365661385988,True,False,True,Anomaly
Magnesium,Catalyst_B,Night,Local,Type_C,472.4912577905483,144.23695288470296,119.17863439306488,1081.8079603511758,60.23634565470214,9.707090716179266,80.10163996208786,1.1601094246153445,34.60140595471421,5.40493036904416,75.73870182234762,45.19524925545328,16.268099711296102,9.129125168017824,0.5351305388199816,6,19,1,12,43,1,4,2023-02-14 01:30:00,54.09039801755879,30.0,188.03602324564585,0.0,4952.985538368544,82.22586354691832,17.959388946874604,True,True,True,Anomaly
Zinc,Catalyst_B,Day,Local,Type_A,427.4471944195879,56.0352540132813,47.752217868911856,1918.8002308151747,72.22022067306935,9.8517549006973,82.10405532310631,5.3868454116809446,10.320410832554158,8.982655955621878,75.47356096885429,59.89551656066579,15.289975995562385,9.87433003827167,0.8274156487148481,8,28,1,12,21,0,2,2023-02-14 16:20:00,95.94001154075876,30.0,152.99142687252737,20.0,4657.561294564295,64.49109752306646,26.56873951550647,True,True,True,Anomaly
Magnesium,,Night,Local,Type_B,480.3306528956364,147.44701640031337,64.21133099025887,725.5621642960155,44.93435348266218,9.326082040187302,82.5035025074137,7.882248583639891,22.418841035071026,5.204101412216166,82.15558157552636,15.001560857385556,30.56912529905429,2.5794093450809186,0.6676817034778779,16,17,4,8,34,1,1,2023-02-20 02:00:00,36.27810821480077,0.0,168.0820812800169,0.0,4745.164629222026,105.60215651156385,16.147159312662016,True,True,True,Anomaly
Zinc,Catalyst_B,Day,Local,Type_A,83.58696922329987,125.60505564498663,110.62076845048556,1841.3207167408964,44.058121025344185,4.853173004678284,98.69443403277998,6.785977695723851,12.220225484880457,8.979604497906914,81.38050617201182,23.5859623283718,12.45876763360843,14.719708374591413,0.5716704363398264,3,12,1,12,20,1,2,2023-02-20 20:20:00,92.06603583704482,30.0,2.182566046420157,0.0,669.3068111480954,15.191451554710662,41.792992390249395,False,True,True,Anomaly
Aluminum,,Night,Local,Type_A,482.17328656479697,57.20126147136837,95.83315355960892,1814.9241414773176,63.92086999474111,9.426486925291806,99.18927505113078,3.853749116805115,24.996242659926807,3.708500599558082,99.62907595216558,49.56105622043816,23.74875324600833,11.234801985771906,0.5990387406902871,4,14,5,12,32,0,1,2023-02-21 17:20:00,90.74620707386588,0.0,7.81819826192701,20.0,4806.096257537393,75.18821721188714,28.393295360758305,True,True,True,Anomaly
Magnesium,,Night,Local,Type_B,499.42939851269466,123.5296330466198,78.46802220163966,307.4140667578856,65.60209808022229,9.547058297115992,84.2318535544554,7.182910366995375,34.45615458573906,8.416621816535656,80.4457350731524,23.837214732883258,26.031205734954955,16.150353894104136,0.8735514331374756,6,5,1,8,14,0,0,2023-02-21 20:40:00,15.37070333789428,0.0,157.50151789916853,20.0,5012.046929223596,76.40071089029128,4.686040168745224,True,False,True,Anomaly
Magnesium,,Day,Imported,Type_C,409.7644827162523,77.39541013012307,121.6197394962182,478.05902898369567,40.64936406471968,9.243334574084928,99.96480295675636,4.202431982173508,28.068765288109148,9.23126131803585,76.88193098843848,35.27546434610166,14.115931032821374,10.789189907742193,0.7191369519929253,12,15,3,8,49,0,2,2023-02-22 02:30:00,23.902951449184783,0.0,0.2884499643573425,20.0,3872.901170916063,95.27581205821187,11.760553700730876,True,False,True,Anomaly
Aluminum,,Day,Local,Type_A,492.9771595643463,136.0384824314974,72.94042770984294,1302.28835136351,48.83614280099302,7.895416940108778,87.67173880874876,0.4699215991117067,37.55481893827982,7.372700120439961,87.22652465819839,37.81863857350849,17.531273681377137,11.627070465603635,0.7977214612278677,7,13,1,8,4,1,3,2023-02-22 07:50:00,65.1144175681755,0.0,121.55102368860804,0.0,4202.775310102779,86.05870711839513,26.666486677097474,True,True,True,Anomaly
Zinc,Catalyst_B,Day,Local,Type_B,410.1652933879742,100.44318548028647,49.627569036236096,1208.470642236065,43.913073998192274,8.625713989217498,89.80630714888984,1.6604556263873935,13.44647923449315,5.563877444823435,71.3457317930952,19.815401205932037,17.44943891782837,9.163581776240903,0.7836926847780494,9,2,5,12,49,0,3,2023-02-22 22:10:00,60.42353211180325,30.0,83.62198037964987,20.0,3815.8963458824937,86.89658906683643,27.51960936020587,True,True,True,Anomaly
Aluminum,Catalyst_B,Night,Local,Type_B,376.9168943736564,134.69109379570327,125.51285329022863,1794.6407300764065,43.35903498166532,8.288863160239778,83.03141197016447,8.422407309392753,21.377691144213134,6.525258739688834,71.97194420060691,23.45921067382745,17.04280281196649,12.429513373001544,0.6355909987324562,12,15,5,12,24,1,3,2023-02-23 00:20:00,89.73203650382032,30.0,127.91495004223218,0.0,3533.468768394647,81.49325209587344,41.3902369099147,True,True,True,Anomaly
Aluminum,Catalyst_B,Night,Local,Type_B,478.5630150796811,139.1727450230155,55.11126654917717,1314.0894201255655,55.21901968278213,6.818740399086568,84.18957796501171,2.0202325088546544,25.40262744960489,8.894008233417539,87.19659755746855,17.186713190487115,12.527700140296483,1.984549807224523,0.7377213017123351,10,27,1,8,39,1,1,2023-02-23 17:50:00,65.70447100627828,30.0,151.3256647749245,0.0,3647.9854523634335,66.06393002483732,23.797768009548932,True,True,True,Anomaly
Zinc,,Day,Local,Type_B,441.4292827393428,79.20933135285402,119.87365404768424,167.5974729383936,45.26399604725691,7.465989102841921,97.72380242844848,1.66721334602407,17.165223811938297,3.369718740314598,88.6241918613211,49.9690651808063,32.05111038557072,10.18229228694607,0.6086905212608681,13,4,5,12,10,1,5,2023-02-23 23:00:00,8.37987364691968,0.0,20.09560522766042,0.0,3358.2151007929606,74.19175048722803,3.702666303775235,True,False,True,Anomaly
Aluminum,Catalyst_B,Day,Local,Type_B,356.63511613226456,121.1042051136633,116.63761757475338,1816.8283892399309,42.97285639454031,2.070784624631276,82.17882243665707,4.064969451369171,31.16263814925465,2.701063813347314,95.80393615592394,13.745893507492926,8.49773667580996,7.340011173345418,0.7838080003405485,9,28,1,12,21,1,3,2023-02-24 05:00:00,90.84141946199657,30.0,127.11315459833024,0.0,1148.6635098845036,26.729978089853972,42.278511173643054,True,True,True,Anomaly
Magnesium,Catalyst_B,Night,Local,Type_C,400.6501868527285,52.83358157702129,33.49131508921652,1210.3208184963814,54.637194362597455,8.921014196489192,84.09488531012067,4.8880605040769565,27.608807277743963,2.421540055121047,75.75563747421653,15.854699352271664,15.274507155970577,8.907096446578734,0.5863066390810157,10,18,3,12,42,0,3,2023-02-24 09:40:00,60.51604092481907,30.0,127.44774344828458,20.0,3937.517374556245,72.06660994386124,22.15195770236916,True,True,True,Anomaly
Aluminum,Catalyst_B,Night,Imported,Type_C,403.5226508233442,115.19755261678908,78.98428553509643,1588.015445353794,56.659379086664366,8.998493534135934,92.39801044138456,3.621771502312188,32.3651072510164,2.803871284462024,86.50839050947887,40.60033608415911,3.203598009966009,16.174999851727062,0.8913629235299705,15,24,2,8,11,1,2,2023-02-25 08:50:00,79.4007722676897,30.0,61.35149956447765,0.0,3928.681609301734,69.33859270311714,28.027406423300484,True,True,True,Anomaly
Aluminum,Catalyst_B,Day,Local,Type_C,491.9438331160451,117.02807102352274,137.33400700997615,1750.7514632514888,53.397900833648265,6.579018762329402,80.68169935024167,5.423604932227496,23.50544795549356,4.952909690095813,91.63356078349425,43.81196381579717,25.05759089966769,8.677841554005104,0.7466919986476581,9,18,1,12,38,0,2,2023-02-27 00:30:00,87.53757316257445,30.0,190.0703774186059,20.0,3728.953010386052,69.83332588303325,32.78689678655432,True,True,True,Anomaly
Aluminum,Catalyst_B,Day,Imported,Type_A,444.4525418241694,69.51093787668216,125.90853117837716,1322.359172789558,56.96967253850744,9.497476933925892,84.60566467239092,6.769538761506105,19.176085835683587,9.773024803929452,80.61362256655056,36.52426984867276,26.95869720649423,5.537047302181939,0.7059605993777023,11,29,2,8,49,1,2,2023-02-28 02:20:00,66.1179586394779,30.0,136.84102932098932,0.0,4554.653653444122,79.94874203227165,23.2116337318902,True,True,True,Anomaly
Magnesium,Catalyst_B,Day,Local,Type_B,484.6848288032013,58.07565730185891,161.2500080368566,1541.111185830749,42.62669901254089,6.959267697009887,99.727425072372,2.597062800093448,26.682219590175723,7.916400897826594,86.11188401212871,52.88535646869064,37.67711543197298,4.405438083935056,0.8552776822154683,6,22,2,8,4,1,1,2023-03-02 07:30:00,77.05555929153746,30.0,2.6422586426684416,0.0,3600.2018529645125,84.45884706918834,36.1536600658979,True,True,True,Anomaly
Aluminum,,Night,Local,Type_C,422.61056586846206,53.01177452626066,78.5733936260043,1086.8873841544691,44.55334295214871,7.464318710168405,94.77931243584236,6.1832555913544285,21.967024077511105,4.658917490119203,81.195512544499,21.01329420031653,4.874793411977243,0.5084673287981367,0.6682278598988602,16,21,4,8,26,1,2,2023-03-02 19:10:00,54.34436920772346,0.0,44.12635451422201,0.0,3327.414581658392,74.683836524503,24.395192641813892,True,True,True,Anomaly
Magnesium,,Day,Imported,Type_B,452.2045601805611,99.63336695670628,131.3974926441905,1867.4113312710012,50.006960124909696,6.423756558584105,99.41537977226602,7.2384656316598175,30.69323323909384,9.46761812283337,71.72812511716346,24.185579606307734,11.533459513334808,8.196360633345279,0.9011406856687922,13,24,1,12,20,1,2,2023-03-05 07:00:00,93.37056656355008,0.0,5.287358659102064,0.0,3128.6575541167576,62.56444195571681,37.34302838257904,True,True,True,Anomaly
Aluminum,,Day,Local,Type_A,69.15282734833461,84.02445252656167,139.43654263909818,1934.4489736084608,46.60488537576005,8.627744122946979,90.3870381596666,5.540347806717795,30.621133167317254,2.463097677004475,71.66907314994131,20.31903592556869,20.020837121915516,15.167852865741391,0.9264231136994242,8,29,2,8,33,1,3,2023-03-05 10:30:00,96.72244868042304,0.0,13.295269809014108,0.0,887.8177502527011,19.049885931367818,41.507429060529326,False,True,True,Anomaly
Zinc,,Day,Local,Type_A,488.1042862337262,52.01347745807712,171.907867334668,1909.8354469758283,40.17436394541304,3.3750590569216925,95.8803832300486,4.954885601482953,32.59413153363283,1.5831657226372524,85.3363621912943,38.87054927987448,11.06031368719207,18.747307881728755,0.8330670769117905,9,7,4,8,51,0,4,2023-03-06 14:40:00,95.49177234879144,0.0,40.2160520610724,20.0,1983.460715200932,49.37130349831951,47.538660464439936,True,True,True,Anomaly
Zinc,Catalyst_B,Day,Imported,Type_C,446.5961816843683,138.85147499160223,155.60689431049855,931.5085265697184,40.54538061500603,9.984406131975016,97.8794508891256,1.4728991279311787,33.26216203538182,3.6017217715525818,70.25348541274141,17.286746431661918,32.12338689065351,4.845906018106188,0.7139692864230767,2,29,3,12,35,0,4,2023-03-07 15:30:00,46.57542632848592,30.0,18.940582719813715,20.0,4647.292297685811,114.61952575593351,22.974467434767718,True,True,True,Anomaly
Aluminum,Catalyst_B,Night,Imported,Type_C,330.7255828279555,88.76898390442862,130.60930619486246,1674.597794787359,41.31625657263646,9.98742035655889,98.69013114763486,1.932242752033552,14.373252245252427,4.131635476539323,91.69061845636412,45.17201867603498,10.43427217812075,11.682542268874798,0.8975057657566841,7,17,4,12,10,0,0,2023-03-07 19:10:00,83.72988973936795,30.0,8.664142792532903,20.0,3605.541346294094,87.26689311640168,40.531208141844004,True,True,True,Anomaly
Zinc,Catalyst_B,Night,Imported,Type_A,465.8356094395502,58.81250904849095,108.35645898462866,1727.7105461588617,44.47796753450207,4.005164714960029,90.50681499814743,4.554960292609179,12.047554928176217,4.293001675156914,84.15760111289548,12.88675747156054,33.34225843511946,2.427913817236416,0.5134434916090788,18,4,5,12,36,0,2,2023-03-09 09:50:00,86.38552730794308,30.0,88.44527241720775,20.0,2254.293513268802,50.68337512320276,38.84418830106517,True,True,True,Anomaly
Aluminum,,Night,Local,Type_A,410.71813252488016,67.44424584826675,64.32596575817894,966.1088486835458,45.04398326445142,7.878215298090509,93.407100117053,7.067520865032151,36.91560938807029,6.942267203308235,81.59107315493414,10.477593313468672,22.645720408351604,2.7133354197902597,0.8775618224857342,1,12,3,8,30,0,1,2023-03-09 17:20:00,48.305442434177294,0.0,54.15647055694977,20.0,3439.862913660451,76.36675676449735,21.4481220058084,True,True,True,Anomaly
Aluminum,Catalyst_B,Night,Imported,Type_C,173.5889376371004,135.874924770215,34.03807301367077,1995.9885752368596,40.72658195545587,9.283255402444189,86.7793322581914,4.061600938330434,33.3917996999657,9.039194684512452,99.56291671828792,59.66393526603311,29.36909599943308,6.300568040526229,0.648120605834124,11,17,2,12,45,0,5,2023-03-10 07:30:00,99.79942876184298,30.0,45.89923336307276,20.0,1956.7638104586597,48.046354899088826,49.00947929831048,True,True,True,Anomaly
Magnesium,,Day,Imported,Type_B,461.7670736709831,114.1381279919149,81.0568112423971,1429.2669491727934,59.50880977035288,8.260534414018371,99.1895484301936,0.8561893870303083,31.41542745205158,7.740565536515231,91.6667458046185,13.613723715503523,12.223581791391078,8.468026870851698,0.7748551626747624,4,6,4,12,51,1,3,2023-03-10 12:50:00,71.46334745863967,0.0,7.484796994831042,0.0,4072.786301226631,68.44005647136437,24.01773711637651,True,True,True,Anomaly
Zinc,,Night,Local,Type_B,390.6477504328775,101.06511175844408,100.69945740374418,1955.8309727246376,49.51250229954755,4.124361011840854,87.45701846925215,2.5631732510076963,18.510004966723688,2.223440379661039,99.73835649878868,54.28757683877742,23.374029702795205,10.058847787440948,0.5194884229127642,7,12,2,12,26,1,0,2023-03-14 19:40:00,97.7915486362319,0.0,97.9977503741556,0.0,1942.9364535489876,39.241330236035,39.50175979577809,True,True,True,Anomaly
Zinc,,Day,Imported,Type_C,373.3690503951568,136.4825776797107,50.55497136074042,1849.026045213416,59.481794204951896,9.930073807823808,91.62821223630212,0.611375870262123,20.01167362485547,7.1244196053930775,76.07227940598618,38.928923450737074,11.120126777832349,0.389407395538206,0.7464618780034161,16,24,1,12,16,1,4,2023-03-16 20:30:00,92.4513022606708,0.0,62.51532894883341,0.0,4000.171038617479,67.25034259784421,31.085579544597586,True,True,True,Anomaly
Magnesium,Catalyst_B,Night,Local,Type_A,474.6540044767472,102.63612824691155,75.44005210330826,231.3704657899305,48.8076268913358,9.056787154478316,95.47513895703176,8.664941972791505,14.950461714310649,3.9063743311616177,95.19441349771952,11.954928011420291,25.558614533579263,5.5865122607994255,0.7252694449724021,4,2,5,8,19,0,4,2023-03-16 22:50:00,11.568523289496524,30.0,42.954868274914034,20.0,4434.5652352186,90.85803833674635,4.740457189304625,True,False,True,Anomaly
Aluminum,Catalyst_B,Day,Local,Type_B,131.34253085262714,84.93534961487818,93.88783900460794,1904.109938707619,40.71654200788644,2.61721132979448,98.96321276744348,2.904994135865869,39.8329060450628,5.034273732413922,96.02634368528015,18.40930004865438,28.55904081943772,12.95988920954711,0.9391309299854924,10,5,1,12,24,1,4,2023-03-19 02:20:00,95.20549693538096,30.0,2.723485181593304,0.0,641.3794274535377,15.752305962753617,46.76502091800452,False,True,True,Anomaly
Aluminum,,Night,Local,Type_A,426.4816698061324,70.91963611880055,81.90722956519889,725.3415688123531,43.761953687933705,7.84047951243786,95.47204000097447,9.177268152260822,19.01087661618469,8.952890813847663,91.47498847512672,49.82598111421527,14.477668703738026,4.481754154707898,0.6169496766655438,15,17,2,12,52,1,5,2023-03-19 21:30:00,36.26707844061766,0.0,38.62183882399546,0.0,3479.00676917927,79.49843359343716,16.57470719851222,True,True,True,Anomaly
Zinc,,Night,Local,Type_A,247.0933090569968,88.18994212871453,43.385529499724775,1901.4680153239528,48.53194288040779,5.836742278738781,97.43073747004308,4.841313712912191,33.18391288223698,1.7318783198300274,85.28196108133315,46.90603059191893,0.9243254149897684,5.5580156066845205,0.7056253372996972,19,13,3,12,31,0,1,2023-03-20 01:40:00,95.07340076619764,0.0,12.696951607264122,20.0,1773.7384066728875,36.54785490545323,39.1797216940097,True,True,True,Anomaly
Aluminum,,Day,Imported,Type_A,224.97473913023927,76.23093543532521,91.81635899610072,1657.823406874794,46.49154018359595,7.714103454626743,87.08897627858475,3.380388356457754,11.00656572648097,6.767706006192675,93.23975034477176,50.738612919849615,15.508721897445682,13.904775283921351,0.9505286504258728,14,14,3,12,46,0,2,2023-03-20 12:50:00,82.8911703437397,0.0,58.09308387259453,20.0,2041.566092958868,43.91263625375038,35.658603701405006,True,True,True,Anomaly
Aluminum,,Night,Imported,Type_B,462.71340021578254,103.45958329851376,125.51864436164922,1929.12645474428,42.65175122577188,3.101829427811057,94.7238921587856,3.0320742426004976,29.41157716513522,7.987942694971508,88.15953605527915,16.53646438840272,15.327905598055423,6.010810441341237,0.6765672079928867,12,2,5,12,37,1,1,2023-03-20 13:10:00,96.456322737214,0.0,48.82651598226929,0.0,1767.735439190446,41.44578800136839,45.229712715257165,True,True,True,Anomaly
Magnesium,Catalyst_B,Day,Local,Type_B,443.83059718358936,142.49247047102563,72.6608760287634,983.0467140738192,42.21576865650685,7.922125807733989,93.03623090183802,4.084541778992843,17.378337657953608,5.421858631785893,84.98304111851344,13.372301723476596,36.30509720220724,9.515558920130774,0.7002285390776448,13,15,4,12,20,0,2,2023-03-21 08:20:00,49.152335703690966,30.0,61.81467594971711,20.0,3808.751217520866,90.22105575078308,23.286244580135083,True,True,True,Anomaly
Zinc,,Day,Imported,Type_A,461.025774145988,68.47165765580175,51.38823884248737,1945.5326517928015,46.96938440952652,3.740673098762565,94.04777141218098,8.844931786921915,28.17425773593264,7.236990515873487,77.32333622475609,37.16006307782276,0.36208948689322,19.60234961606593,0.951882954160144,14,24,1,8,32,0,2,2023-03-23 08:20:00,97.27663258964007,0.0,54.88261585186288,20.0,2085.7846002462866,44.40732248181731,41.421293386127516,True,True,True,Anomaly
Aluminum,,Day,Local,Type_A,277.7009695818255,61.87372196907155,147.19707475660715,1702.6356568890687,41.3358683869663,3.134355927632269,84.54157516492208,1.0605714448986636,26.2820246188828,1.1285732353689806,77.42160693507944,15.569799596997788,32.13132007388473,8.719110690417253,0.8432480259556745,11,2,3,12,47,1,0,2023-03-23 18:10:00,85.13178284445344,0.0,85.85639129817821,0.0,1153.5191034485758,27.906008714995195,41.19027187114643,True,True,True,Anomaly
Aluminum,Catalyst_B,Day,Imported,Type_A,467.3798794288847,142.80199374923757,110.71883284688684,1185.105037824512,42.69839459702354,9.261470938174224,93.7604496900782,6.977412822697077,28.586327797748808,6.064278826669365,93.61371331646518,53.454881301058265,5.893845987070892,9.193899507530482,0.8521600719626505,7,8,5,12,41,1,2,2023-03-25 05:10:00,59.255251891225605,30.0,58.32480543083416,0.0,4597.037167377244,107.6629978893328,27.75525986419931,True,True,True,Anomaly
Magnesium,Catalyst_B,Day,Local,Type_B,456.4699307174623,148.00579270230435,77.48743917729306,1581.5532772773938,57.69722244763056,7.676260308421739,98.80596448888676,3.167720278924645,36.75747079014193,1.8343969042762331,84.21757374797588,49.1575885428684,5.715727253520413,17.758782979802255,0.8983643990812039,13,23,1,8,51,1,3,2023-03-25 19:40:00,79.0776638638697,30.0,10.900826140640849,0.0,3774.4614355266144,65.41842527952781,27.411254999543626,True,True,True,Anomaly
Aluminum,Catalyst_B,Night,Local,Type_C,497.5593284637361,138.92517617452444,67.04008099838879,1177.8021190787565,69.38822795241309,9.599018639924438,98.91758555585425,4.092336234096799,12.877077359121664,7.878686574670822,75.73318013882152,11.960540148938032,23.301048906160663,4.442172941268428,0.6789833621814303,11,26,5,8,10,0,3,2023-03-26 01:00:00,58.89010595393782,30.0,10.771308078972387,20.0,5008.557203022859,72.18165603620488,16.974091338468842,True,True,True,Anomaly
Zinc,Catalyst_B,Night,Imported,Type_B,285.5391231254133,93.91240592228618,177.88064587863107,1740.706270087754,40.70188259576639,6.57441223800562,80.68803609645713,8.449605824645612,32.86547135385922,8.143390077548698,92.47602687835466,47.91318776616617,10.39943440165674,6.459604028566028,0.5541709833151256,17,6,5,12,48,1,1,2023-03-26 08:40:00,87.0353135043877,30.0,110.28642477694532,0.0,2261.8252122968897,55.57053060076768,42.76721760945804,True,True,True,Anomaly
Zinc,Catalyst_B,Night,Imported,Type_C,460.2179513245802,138.75059701688645,176.4570555102716,1133.1786346706444,43.36582210063995,6.549552225489929,91.04611586256722,8.919427717624304,22.12710777064341,9.931947564789905,83.73235088097208,51.25992623499745,29.98485675754961,3.4940499302808647,0.9086953985155156,17,29,4,12,5,0,2,2023-03-26 22:10:00,56.65893173353223,30.0,82.41476428253938,20.0,3338.4851779916057,76.98424741594694,26.13068494449047,True,True,True,Anomaly
Magnesium,,Day,Imported,Type_C,246.61851002047663,69.85454770643126,39.19530085131901,1656.0011400527042,44.50331966931821,9.125598327237253,99.55739290841402,0.924601196049054,27.090262223639886,1.0682016178536111,71.83638270563512,48.74543228052804,28.59252473129103,17.640104885412327,0.7641879535691254,16,26,3,12,27,0,2,2023-03-26 23:00:00,82.80005700263521,0.0,2.1831020290286665,20.0,2477.4966888500285,55.669929957114675,37.210732870213185,True,True,True,Anomaly
Zinc,Catalyst_B,Day,Local,Type_A,282.7301625681397,70.36386726474565,114.7543614758933,1944.553411036771,46.10892847505235,1.944310197227336,95.4291313599907,3.728893307860186,36.53531038119432,1.031696559616381,94.41341640272226,44.51334817983599,38.444680948666985,1.9399515329846628,0.8695585947234834,6,10,1,8,29,1,5,2023-03-27 02:00:00,97.22767055183856,30.0,25.8464486733488,0.0,854.1213663113709,18.523990787890483,42.17303405974591,False,True,True,Anomaly
Zinc,,Day,Local,Type_A,294.37461260341433,82.37851349763372,166.02663606015014,1400.2505909532042,44.9083508583931,9.243602226883093,97.90062054236544,7.233362986756092,21.659889223589644,7.98924818673599,90.7463172533096,10.446182658710905,28.014095786988012,10.589214909827149,0.6151893107373934,10,1,3,12,39,0,3,2023-03-27 03:50:00,70.01252954766021,0.0,12.360080290974755,20.0,2946.617429742816,65.61401996332962,31.18018284324297,True,True,True,Anomaly
Zinc,,Night,Imported,Type_B,471.425945852017,115.00818693002498,117.1447773366436,1486.3391789528605,63.72305933832273,8.36182652767061,85.71063848377224,0.6669245240338206,38.17133389405605,6.254973521741658,73.03125227564016,52.22991597952277,35.058884606733955,10.536586516920115,0.8618477908832647,6,3,1,8,25,1,1,2023-03-28 03:20:00,74.31695894764302,0.0,134.72751536818168,0.0,4277.866842238487,67.13216356305416,23.32498148058914,True,True,True,Anomaly
Magnesium,Catalyst_B,Night,Local,Type_C,459.9490526155673,86.9742408957634,80.16374804625565,1983.843151997184,60.1811909673157,9.909625274332566,89.24052846025003,5.650706478698836,13.229908545743406,8.947591252808401,97.50155531153132,54.61586752334439,6.008962586362432,12.68531256551977,0.5597702027386151,2,6,3,12,32,1,2,2023-03-28 21:20:00,99.1921575998592,30.0,98.97617482704312,0.0,4950.635873669157,82.26217849955543,32.964504691750044,True,True,True,Anomaly
Zinc,,Night,Local,Type_B,393.5766398127066,139.61049614075503,112.42585492312875,1363.414869741429,42.33370481765159,7.983737424461632,99.20023944338966,0.1011092799428259,17.45224620117261,6.022805894062572,70.05165416594998,41.37193387954042,1.331721455231034,7.227609180835941,0.6993362014732455,19,10,5,8,33,0,5,2023-03-31 20:40:00,68.17074348707145,0.0,6.295341450508755,20.0,3317.4457971267893,78.36417368657838,32.20636784836595,True,True,True,Anomaly
Magnesium,Catalyst_B,Night,Imported,Type_A,486.98121096151664,58.50790310161493,159.02261864999878,1680.1082485969157,52.41750706212961,8.055563926962888,99.33713637694044,1.9554170111462328,12.197881169799045,4.176475360376172,83.59236155972964,55.34162128269352,29.92905938582949,4.16818199747407,0.6454353803858943,19,7,4,8,9,0,1,2023-04-01 09:30:00,84.00541242984578,30.0,6.456042597197567,20.0,4209.800909478325,80.31287913956909,32.05242566392009,True,True,True,Anomaly
Zinc,,Night,Local,Type_B,496.15280944865697,91.9367140034478,64.35031938458357,939.6935577508766,65.96381747853162,9.682626254390312,94.77096348539776,1.073442476448374,38.04954156443597,3.428760790982059,81.36182209699786,35.28030723918356,30.58500791371683,13.611689816453216,0.5638786496968149,9,5,3,8,9,1,1,2023-04-02 04:40:00,46.98467788754383,0.0,51.88802314859015,0.0,5004.712387644395,75.87056933557875,14.245590896201639,True,False,True,Anomaly
Magnesium,Catalyst_B,Night,Local,Type_C,170.86981400445282,99.54846049372046,44.0005900451708,1775.0479898816616,45.42732157464557,1.3268022459904794,83.59400764855614,0.953341059117756,38.57822019251726,5.562473453080365,96.41081953019436,19.382885551085188,22.766172435962467,12.409490419762443,0.7726556491432757,18,27,2,12,29,1,0,2023-04-02 12:30:00,88.75239949408308,30.0,56.06577723299374,0.0,563.7268496126816,12.409423009595077,39.0744584614113,False,True,True,Anomaly
Aluminum,Catalyst_B,Day,Local,Type_C,272.6078318079059,115.03219845121671,114.6208202308571,1742.528503707559,48.32986448896202,5.29479354888738,84.59845613270083,7.943806842268151,32.45112997568137,9.004456723086426,76.08070816165701,28.527589101654637,8.29439094606903,5.446723855958721,0.6919387423601924,8,24,2,8,5,1,1,2023-04-06 06:30:00,87.12642518537794,30.0,83.97162960317554,0.0,1800.2980894893233,37.25022009735803,36.05490150102805,True,True,True,Anomaly
Aluminum,Catalyst_B,Day,Local,Type_A,248.6175714000416,52.10790914601211,107.52021677743171,1714.1908049948083,43.18537216727108,4.580244412284157,95.10456965948327,9.85411398508754,10.48145224884987,7.492970432925879,79.84198695577253,49.10459488449532,28.59420449411505,18.47594350907344,0.90923094141507,15,25,4,8,40,1,3,2023-04-08 23:20:00,85.70954024974043,30.0,24.341800044346947,0.0,1357.9740103158056,31.445231155029248,39.693783310589204,True,True,True,Anomaly
Aluminum,Catalyst_B,Day,Local,Type_A,496.2895096943825,111.18060845455906,127.41987638746872,1647.728417643337,77.49473920079188,9.852836684119175,97.4000153629138,6.346246799794598,18.82320867831217,8.105302213923062,73.74820258193446,57.22790011154151,21.09407162238711,2.444988462492905,0.5357212707097165,1,27,2,12,12,1,2,2023-04-09 18:30:00,82.38642088216686,30.0,25.8069020150488,0.0,5188.129784804461,66.94815465294766,21.262455163233838,True,True,True,Anomaly
Magnesium,Catalyst_B,Day,Local,Type_B,250.7156921849109,132.64080456794602,40.31966605416406,1933.7810930389735,55.29662481223199,8.098968448035471,92.18157778932428,4.212210133950489,23.457003223878736,8.71415984000993,77.93650913989191,37.313019495067095,21.279277679389622,4.823822322913842,0.7230936428226609,15,21,3,12,50,1,2,2023-04-09 22:50:00,96.6890546519487,30.0,39.2040227268689,0.0,2333.498808876247,42.1996607713399,34.97105111940228,True,True,True,Anomaly
Aluminum,Catalyst_B,Night,Imported,Type_B,427.9206679219922,122.25592188295768,135.07365267084683,1993.1577614707724,45.08815477402878,6.287371157883131,89.2008752905294,2.16605035096332,20.233030567417583,9.338844548631384,94.85162377874788,18.17324944667898,35.65600884790304,7.889010116232884,0.8501029314669147,16,4,2,8,23,1,4,2023-04-12 13:20:00,99.65788807353864,30.0,92.42337317299106,0.0,3094.7357226489817,68.63744453857268,44.205795767425165,True,True,True,Anomaly
Zinc,Catalyst_B,Night,Local,Type_A,427.5286087667933,142.90532523390812,58.33008633707151,1551.6334097265058,41.21622161142134,5.854551456340929,97.969074610136,3.263455480565789,21.255670553611864,5.698942137021335,80.1934714193083,59.90921431324296,34.080855201004326,7.88739085450602,0.6324775008987167,5,15,3,12,27,0,0,2023-04-12 18:00:00,77.5816704863253,30.0,17.36557412875438,20.0,2792.141638582716,67.74375547827974,37.64618271793589,True,True,True,Anomaly
Magnesium,,Day,Imported,Type_A,486.8383433198997,87.72474708398171,171.45644107871806,1594.8799555042465,57.62834090702782,6.693051517049364,81.87037848068856,7.419129801666584,36.7928150271391,5.699760248409758,72.27609067260819,48.36036018712864,30.895082839384195,18.1262454836864,0.712405798263197,19,29,5,12,2,0,1,2023-04-13 19:50:00,79.74399777521234,0.0,176.5238981095677,20.0,3690.8119683106056,64.04508459240596,27.67527106284869,True,True,True,Anomaly
Zinc,Catalyst_B,Day,Imported,Type_B,360.9354709780378,85.00241068175777,109.78155347222024,1652.5419022303483,54.93045289989147,7.88334060665203,91.68719907588712,3.9954433495436783,31.031768270653185,5.641499883192721,99.78343593332406,31.70032429508819,4.286317928087144,7.518418698462037,0.765647022990992,19,4,1,12,28,1,1,2023-04-14 05:10:00,82.62709511151742,30.0,60.00769433382697,0.0,3143.168019331932,57.220864809912065,30.08425772935168,True,True,True,Anomaly
Magnesium,,Night,Local,Type_A,463.206203379084,139.07758559221412,117.84670052016912,885.433817630448,41.88856040777855,7.082375931641092,99.41979477118164,9.08506197274159,18.09766233393643,5.493529780490282,84.6575899245563,51.1522605103473,36.11087841700287,6.564242108709141,0.9698109744582304,14,7,3,8,8,1,0,2023-04-15 12:00:00,44.2716908815224,0.0,5.375093224432844,0.0,3422.782263184823,81.71162317025403,21.13784310109703,True,True,True,Anomaly
Aluminum,,Day,Imported,Type_C,425.7157078652379,75.71424696467639,166.0023637346783,1648.133417774646,50.04468144108208,9.389036925268464,83.50015281254582,7.840064709862926,22.93449992525293,3.304098603913109,91.63187481490569,22.06976336587062,18.74103639553597,13.92151753102232,0.7204366065862007,1,17,1,12,51,0,1,2023-04-15 13:20:00,82.40667088873231,0.0,140.48488250150618,20.0,4390.2249908489375,87.7261052409251,32.93323826458969,True,True,True,Anomaly
Magnesium,,Night,Local,Type_B,449.0663914824897,94.1247409844211,149.5700019662042,730.2937021614944,46.28711374603975,9.23988809137692,89.47349125425481,2.388426853888542,13.255751298633914,2.4138871002423663,72.72011088305977,29.576156154625263,38.46202654508716,19.79901423513913,0.881134222614873,17,24,2,12,27,1,2,2023-04-16 14:30:00,36.51468510807472,0.0,94.5420259472132,0.0,4333.547102079886,93.62318691669681,15.7774733194285,True,True,True,Anomaly
Magnesium,,Night,Imported,Type_C,65.46758258120045,64.56447958725184,50.07640600681881,1819.4610373860428,40.54805858475141,7.692848105984913,86.4513685356442,0.3928056636408883,27.37281885582141,5.347377018318717,96.94546456256369,28.44824018136882,12.339234673206366,0.1707531302613674,0.5939950230232269,14,2,2,8,52,1,0,2023-04-17 07:00:00,90.97305186930214,0.0,17.73992298509928,0.0,760.9899133223864,18.767604168564706,44.87171768244099,False,True,True,Anomaly
Aluminum,,Night,Local,Type_C,383.5837175010584,85.95973516422433,166.77722441547226,1879.146900777364,51.347708533655776,7.656924235552593,99.82486987083423,9.056194041986169,11.460772270188214,5.438432631766038,82.86708056420372,50.54450055891891,19.865274286682613,17.44740896789097,0.997109733240269,14,15,5,12,37,0,6,2023-04-18 04:50:00,93.9573450388682,0.0,1.3435413198367463,20.0,3212.195500295981,62.55771858233075,36.59650945369217,True,True,True,Anomaly
Magnesium,,Night,Local,Type_B,404.71338672181656,126.00925513365108,128.2865556525106,1625.2811062279477,63.44004322915251,9.2730648907505,82.36845954306916,5.35738175409225,30.61772319857184,1.3751585723947497,89.84107443850998,55.12443861038982,20.85434383991069,19.066173441273417,0.8264223295937771,4,29,3,12,41,0,2,2023-04-18 08:50:00,81.26405531139739,0.0,142.7144090289441,20.0,4129.140516452527,65.08729039697548,25.61916769755738,True,True,True,Anomaly
Aluminum,Catalyst_B,Night,Imported,Type_C,459.9104441731013,136.00539907461447,108.39875817084152,1366.6893084314877,43.066880449403214,5.024677836327893,93.51199660327644,3.030429001237408,37.01415670011245,5.151396535599247,90.8756885093664,15.938398309987797,15.489361024234078,14.305335904598518,0.8139332288889365,12,2,3,8,30,1,3,2023-04-19 05:20:00,68.3344654215744,30.0,59.67801047967438,0.0,2555.344960032602,59.33434075947825,31.734114339605625,True,True,True,Anomaly
Aluminum,,Night,Imported,Type_A,451.17073940195473,118.67399832665836,114.83451823674687,549.1241900097209,42.57657837801243,7.410930600233478,83.5320193078943,2.0869574496537844,25.904583189025917,1.8828904092897767,78.21192801946255,37.02365299387155,7.221321549667437,18.65175993241683,0.7822048115262505,17,3,2,12,14,1,3,2023-04-21 15:00:00,27.456209500486047,0.0,148.59742050628884,0.0,3550.4016990781024,83.38861022499674,12.897330197235902,True,False,True,Anomaly
Magnesium,Catalyst_B,Night,Local,Type_B,467.87483318972926,108.65115329667252,127.62386413342584,1630.2764658192907,40.28499099629138,6.45754390759475,97.90530887160772,5.245636617276324,29.29374421922017,9.980115432702489,75.20606570672844,29.010989475689087,2.696397549262106,15.245743737530589,0.6117764277316257,9,3,3,8,9,0,0,2023-04-21 15:20:00,81.51382329096454,30.0,19.60106524561076,20.0,3302.7699495450606,81.9851231901507,40.46858210715185,True,True,True,Anomaly
Magnesium,Catalyst_B,Day,Imported,Type_B,78.01517122241842,105.02816625251783,174.87484411363536,1970.9426897375308,48.01013098521651,2.613849212558101,88.76526510441164,3.8365196899374983,19.915027860535098,5.504656428858217,74.25939442037864,17.99929677299493,1.27642480905807,13.552614696326712,0.7996338433429195,2,10,5,12,19,1,1,2023-04-22 08:40:00,98.54713448687654,30.0,17.529595330356102,0.0,503.0790248026636,10.478601380145658,41.05264137572197,False,True,True,Anomaly
Zinc,Catalyst_B,Night,Local,Type_B,235.59249322503268,66.9812646150893,135.53655376693771,1844.532724610228,51.044823419882576,7.217531167714687,92.12573125350546,4.527091217526285,34.769776346861484,5.259113556096585,99.4386315694118,25.824699829362704,23.7507019985799,3.0340124582722017,0.747141351285708,7,15,1,8,28,1,1,2023-04-22 15:00:00,92.2266362305114,30.0,37.102372126212025,0.0,1997.8927738599973,39.139968365172045,36.13554913174134,True,True,True,Anomaly
Magnesium,,Night,Local,Type_A,487.6735836647956,100.38501614389811,81.33116754639047,1614.6481958078878,41.53159835043631,8.454906651351024,86.87026783950488,5.816100593814025,19.264890304676857,4.583052652534394,74.16994321860439,11.65593983614637,5.106712234036097,14.253670836930848,0.7299084192826703,16,13,4,8,14,0,2,2023-04-23 17:30:00,80.7324097903944,0.0,128.06047070535152,20.0,4498.70414722515,108.32003404410004,38.87758381422672,True,True,True,Anomaly
Aluminum,,Night,Local,Type_C,352.6467293879337,89.90691803696014,120.6350345731109,1677.033552993329,47.11198317500298,5.666470321654046,95.9248535825414,0.4069102888782216,32.586887722852936,7.293921314119062,71.22570077923609,50.37843358670727,35.7916498416457,9.441843094198084,0.5863699317170067,15,23,4,12,17,0,2,2023-04-24 01:10:00,83.85167764966646,0.0,28.74174111787459,20.0,2297.9536105049847,48.77641431414523,35.59675139897617,True,True,True,Anomaly
Magnesium,Catalyst_B,Night,Local,Type_B,378.40499470150365,140.70554375469342,169.45367781300038,1692.7228439177943,47.14540495809207,4.377464790090027,96.98775997131428,2.357972723301179,39.68036084998732,3.54891886674838,72.99145760905796,23.60278018200436,28.395080428736115,3.928318252901504,0.7612130200735303,8,25,1,8,10,1,1,2023-04-24 23:30:00,84.63614219588972,30.0,22.796933441889458,0.0,1941.8561267972527,41.188661514804764,35.904301711322006,True,True,True,Anomaly
Aluminum,Catalyst_B,Night,Local,Type_B,394.450007059972,140.5984947740027,62.80784956651912,1870.645856037808,49.01376541831569,4.490293358347426,98.08293782752683,0.0052250412777155,34.27020511910248,4.981788852021701,76.4908511476852,53.4572575039084,34.96524723872975,12.363176204065798,0.807793174854863,19,6,3,12,24,1,1,2023-04-25 03:10:00,93.53229280189042,30.0,15.12370374932887,0.0,2108.8311988603546,43.02528444534312,38.16572426281651,True,True,True,Anomaly
Aluminum,Catalyst_B,Night,Imported,Type_A,357.9477172544793,60.66714044702616,141.98851286908928,1898.591443202425,57.173529431829486,9.004399872617597,87.52247124396001,9.088313193002596,31.291285490390106,7.034850009667249,73.21950229985937,17.86233391646686,32.75767844979146,5.439988140224237,0.9911310331472528,19,3,4,12,9,1,1,2023-04-25 12:20:00,94.92957216012124,30.0,89.32605870403275,0.0,3612.6408936604425,63.18729890495834,33.20752561666145,True,True,True,Anomaly
Zinc,Catalyst_B,Night,Local,Type_A,107.8138292304584,70.5060065154135,110.10337878405424,1846.9722347895488,41.42123637323882,4.6072378993091485,91.03762914511888,4.335906688363419,22.226469203107943,6.842529124604643,92.25345015653608,39.33015169917816,16.811007259974964,4.427194132226364,0.7600104189014714,5,16,2,12,12,0,2,2023-04-28 14:00:00,92.34861173947746,30.0,19.325350416963836,20.0,797.8963505972616,19.262977652515502,44.58998321891785,False,True,True,Anomaly
Aluminum,Catalyst_B,Night,Local,Type_B,389.0078049405629,59.6070246514813,155.28268568839,1658.129404124045,47.370628866573405,7.784589022760127,98.4858992161242,5.559274786481442,19.02332719752332,9.569813605801388,90.67266209112302,46.74677434434069,35.7657428681736,12.081891841048517,0.7966204417360383,1,27,5,12,33,1,1,2023-05-01 04:40:00,82.90647020620227,30.0,11.779940447886162,0.0,3302.082272161654,69.70737672625103,35.00332260300827,True,True,True,Anomaly
Zinc,Catalyst_B,Day,Local,Type_B,359.2340871059768,64.17605050950908,171.52073926987663,1194.7587208910577,54.35348569147926,9.45769494603634,93.57882792256824,8.371501692441415,11.396109789200674,7.667927065966887,80.42228534107467,29.677121507758788,39.838258576480186,7.853475317674217,0.8580950305422408,4,29,2,12,8,0,3,2023-05-01 17:20:00,59.73793604455289,30.0,46.13407778773165,20.0,3681.952654043524,67.7408745217002,21.981271406818983,True,True,True,Anomaly
Aluminum,Catalyst_B,Day,Imported,Type_C,264.8932149140544,108.07599158736429,67.64286012442363,1986.261597965596,48.31296531130313,3.8646310381466087,90.176142103254,1.3717410484727,29.26253231115672,1.1211249791160545,84.77189822011512,19.89425908708269,31.85040255105322,14.376162001035151,0.7801468197011563,18,26,2,8,9,1,1,2023-05-01 17:40:00,99.3130798982798,30.0,52.045466022557385,0.0,1366.4026518653857,28.282318070543,41.11239260863371,True,True,True,Anomaly
Magnesium,,Night,Imported,Type_A,280.77585504597766,127.5475055398131,52.05776040107186,1987.062651719909,48.49522615382556,7.731621407118746,87.62311573065546,1.8644642108412837,39.45500615398868,6.917751948323057,78.78557350237324,26.37825540221442,7.006089783329967,15.159124201317145,0.5935403485036129,3,27,5,12,31,0,1,2023-05-02 08:00:00,99.35313258599544,0.0,69.50260527060651,20.0,2531.593136542219,52.20293495512472,40.974397055433855,True,True,True,Anomaly
Aluminum,Catalyst_B,Day,Imported,Type_B,388.5486257591229,145.3136912125858,178.00166060521485,760.9488628706621,42.077175958379385,7.550776034870545,83.42858341659824,9.413676429748062,28.094232361540115,1.76263382043052,84.71706123145609,38.79785426025205,16.9790732100942,1.792527034409821,0.7388069561711664,2,3,2,12,36,0,2,2023-05-02 22:20:00,38.04744314353311,30.0,128.7760228072538,20.0,3213.991215651856,76.38324441808959,18.084599204646107,True,True,True,Anomaly
Aluminum,Catalyst_B,Night,Imported,Type_A,487.4375938206312,113.54522407662036,52.42587966827205,1368.2030603794776,61.68271684953015,7.804758160689031,87.98597099945039,5.328882358990973,13.937870162484096,3.564593223872868,80.74934462506484,46.15891619623949,11.458658494513688,5.632720370200099,0.5285290773364726,14,19,1,12,31,0,1,2023-05-03 08:10:00,68.41015301897389,30.0,117.12178776238366,20.0,4127.591520869823,66.91649998067918,22.1813034551817,True,True,True,Anomaly
Aluminum,Catalyst_B,Day,Imported,Type_A,279.43905907900785,85.05470568179891,121.78639869967164,1605.6512392290886,48.871157725348894,9.06832945885558,87.33214540750038,1.7979327218557584,27.38829239689436,9.926740494343123,73.79690152306095,55.6271682913392,32.94121695237155,4.837203579496599,0.6795921382209764,9,17,4,8,13,0,2,2023-05-07 04:30:00,80.28256196145443,30.0,70.79786735755569,20.0,2836.7354251392,58.04518569176066,32.8547821243092,True,True,True,Anomaly
Zinc,Catalyst_B,Night,Local,Type_A,402.5968364566939,111.1452635257368,84.80412914430971,1874.735642199314,42.84858829959462,3.971328271906037,91.4541273351856,7.1914697661156834,18.05125518558869,3.7148325481015374,87.18163068255448,38.4018348974506,17.57308994573362,16.08018473455457,0.9996477408910268,9,20,4,12,36,0,1,2023-05-07 13:30:00,93.7367821099657,30.0,68.81082599232039,20.0,1979.3499624232172,46.19405308253629,43.752564940792944,True,True,True,Anomaly
Aluminum,Catalyst_B,Day,Imported,Type_B,351.86627242379546,113.4993411533666,94.79733552663564,1653.0665259148325,48.63121471497513,7.469991238646996,86.74400017778152,3.230984272855486,16.01384516100234,5.457064638465301,98.95340143706323,30.22096556955539,20.359648484357457,15.807546059989876,0.5029024444884473,6,4,2,8,51,0,5,2023-05-07 22:10:00,82.65332629574162,30.0,93.2867848938903,20.0,2997.672446553101,61.640912408260704,33.99188228390683,True,True,True,Anomaly
Aluminum,,Day,Imported,Type_A,78.63534956567486,83.89813364658335,161.8050195871984,1837.513050570805,49.821336415255125,3.659255199683734,86.14036970688373,2.4190579001278367,16.118146155966762,3.009484239595051,73.15935539671669,28.302779437952864,15.728788023763176,5.4839915245153374,0.7146768368854628,8,13,1,12,1,1,3,2023-05-08 20:40:00,91.87565252854026,0.0,21.797137459004283,0.0,529.6151230748217,10.6302873664516,36.882050598870826,False,True,True,Anomaly
Aluminum,Catalyst_B,Day,Imported,Type_C,406.7620852320054,82.90743893905898,48.92314914049982,1953.127362631045,50.97661129835272,8.694372160189923,80.83552042086005,0.131717586251937,36.52825969646469,7.960659111730134,88.11223542373139,25.65604835302065,8.261626638853766,16.856905385039905,0.5544604700780463,2,13,2,8,28,1,0,2023-05-10 14:50:00,97.65636813155224,30.0,155.90767351994302,0.0,3948.0584294266714,77.44842838453349,38.31418591557417,True,True,True,Anomaly
Magnesium,,Night,Imported,Type_C,354.4577626320085,126.94285519340514,73.06740006860794,1645.750899001953,44.40244336975683,9.599035689957772,83.89491538987551,7.834040199427752,22.743071365671742,3.936951640758281,95.76219699560107,39.53487373878727,18.67240635407194,5.45222878726989,0.826343724826109,5,6,4,8,48,1,1,2023-05-12 06:20:00,82.28754495009765,0.0,114.17144515807848,0.0,3713.091769547695,83.6235911304993,37.06442200257157,True,True,True,Anomaly
Zinc,Catalyst_B,Night,Local,Type_C,492.0563241749306,119.62295102966604,173.15970284102545,558.9493977159082,45.778410872564265,9.4677222800336,85.56949775301929,9.003870637099864,11.447250711310492,4.901310323675805,98.23549246228932,58.02804978044136,31.519353836318228,10.981023552886358,0.8431795148875374,14,5,1,12,3,1,2,2023-05-12 13:50:00,27.94746988579541,30.0,142.01239783294804,0.0,4921.170241631053,107.49980499171038,12.209890799221593,True,False,True,Anomaly
Zinc,Catalyst_B,Day,Local,Type_B,480.1871229443913,83.10371256819778,143.60842317926864,1091.2783211814062,52.03713349630265,8.805086813601747,87.49602265953924,6.729133434721039,19.58623286899184,5.749648672952443,73.10278516313726,40.6220159673554,38.01976408061899,9.552030209187231,0.7687361408168005,7,8,5,8,29,1,1,2023-05-13 04:00:00,54.56391605907032,30.0,120.08497808955428,0.0,4522.769346825418,86.91426761904114,20.971145946364317,True,True,True,Anomaly
Magnesium,Catalyst_B,Day,Imported,Type_B,363.2369418423781,104.78933374661835,126.61503484446114,1867.2870151518248,58.6595265001888,9.229239039779628,88.66072265018872,0.917464138680435,24.334851563885977,6.762134775581938,71.8259960870033,36.39702438070525,9.256365958284496,17.857691516866787,0.9094903412226936,2,5,3,8,14,1,0,2023-05-15 17:10:00,93.36435075759128,30.0,82.37688854495993,0.0,3716.964455397208,63.36506066725999,31.832630206208957,True,True,True,Anomaly
Magnesium,Catalyst_B,Night,Imported,Type_B,412.3535316612292,149.55374521603392,98.91735622353168,1894.8043179606225,57.53654725464225,7.787941299839533,94.8752992530022,9.317921096628565,33.29189683681767,8.455979981417006,91.4838871250398,18.947201941947352,14.68385102871764,0.0122575839197214,0.9422482095409566,4,16,1,8,11,1,2,2023-05-16 01:30:00,94.74021589803112,30.0,42.26376903462957,0.0,3531.800251764945,61.38359738783225,32.93218672950075,True,True,True,Anomaly
Magnesium,Catalyst_B,Night,Local,Type_B,398.7082079556244,138.67698737369307,67.15677581761972,1915.627871411086,41.4892197023834,6.797478942525921,97.19725647093055,4.722509816753775,20.825564615005437,8.41327052838935,85.1680284886274,26.559210992365525,30.15116618249932,8.424839880432838,0.8120924827606282,6,4,4,12,36,0,2,2023-05-17 12:30:00,95.78139357055431,30.0,22.34953699668989,20.0,3050.731240731167,73.53069695248846,46.171701592667944,True,True,True,Anomaly
Aluminum,,Night,Imported,Type_C,449.2786633836842,82.69350423166324,35.37094869898776,1624.6335647216458,56.41238989843304,9.045607369957592,92.66621501692146,8.965147136698427,23.628299823837924,4.901812005012392,90.2384349272973,35.42777393223875,14.289352864747018,2.332016417205065,0.5859042803312378,19,29,4,8,29,0,1,2023-05-17 22:10:00,81.2316782360823,0.0,65.89826229481723,20.0,4357.542412100688,77.24442130436539,28.799233070017,True,True,True,Anomaly
Zinc,Catalyst_B,Day,Local,Type_B,305.59335420454374,149.57570401863848,67.89927302036395,1281.5664810602889,45.47860902378868,8.29261088605882,94.08698293523538,1.663513150909376,15.114346410870851,7.274623350344965,89.36471015567354,47.59243836070687,1.5114020969313735,5.440005606783325,0.855278422695015,18,21,5,8,35,1,3,2023-05-19 10:40:00,64.07832405301444,30.0,36.13957436580249,0.0,2761.339317896769,60.71732133347315,28.17954437414598,True,True,True,Anomaly
Aluminum,,Night,Local,Type_C,419.13812903784,115.8359275237868,71.88611028651022,251.4127127180286,51.150031486519815,9.43288684698415,82.05597771284536,2.6828005485584603,21.94018270080523,2.382996698002776,93.08093063343128,44.844867587698246,29.293362665405827,2.525475528822141,0.5693534329157743,8,17,2,12,8,1,0,2023-05-20 05:10:00,12.57063563590143,0.0,150.42047857702593,0.0,4134.283827911583,80.8266135476601,4.915201524055492,True,False,True,Anomaly
Aluminum,,Day,Imported,Type_C,497.1151695486736,97.65592938010678,146.89383435464327,1842.153838720743,52.54864815255651,9.011000361200525,98.57976561864818,6.298422291596422,28.708680060461607,9.078781886796264,91.5994980160702,55.23935506832627,25.72288862281858,3.834631465435721,0.6584220494058145,11,2,4,8,3,0,4,2023-05-20 23:00:00,92.10769193603714,0.0,14.12040110569126,20.0,4761.595564953208,90.61309343543131,35.05616040535805,True,True,True,Anomaly
Zinc,Catalyst_B,Day,Imported,Type_A,467.8166116330592,51.491103132064566,100.32086693394808,1386.372159955586,45.231066220222175,6.338641811143885,86.7367422202304,1.4514235323240987,38.96268999584541,1.51714602588582,80.15561008030049,12.998719358245054,9.840746264477676,0.5583537353786161,0.7595577005486275,16,20,5,12,8,1,1,2023-05-21 06:10:00,69.3186079977793,30.0,124.09544627495252,0.0,3310.8704424473717,73.1990359530178,30.650883912521138,True,True,True,Anomaly
Magnesium,,Day,Imported,Type_B,472.0063892580457,74.67070336518199,135.08447108406136,157.9573346455749,47.06408646617077,9.045420126267093,94.53071684689522,5.100802066848703,21.314520790962497,6.6932099983847895,73.97287717181105,55.73100660166656,3.758703836029005,2.1293593548078205,0.8426713162094919,6,5,3,12,38,0,6,2023-05-22 04:40:00,7.897866732278745,0.0,51.630731858537,20.0,4377.309209451306,93.0074189923494,3.356218010501769,True,False,True,Anomaly
Zinc,,Night,Local,Type_A,158.91022319636852,57.932463598509145,132.33844292913506,1909.1466381122716,43.65496747899066,7.850876213673237,80.07066320333595,5.007248296846304,20.715183061901904,7.896972398576474,80.72332992458175,19.95297957658071,3.230048656724822,4.842587036478094,0.8739633406959316,1,9,1,12,16,0,4,2023-05-23 11:10:00,95.45733190561356,0.0,63.33950717026966,20.0,1596.3030735025125,36.5663558052299,43.7326322378104,True,True,True,Anomaly
Magnesium,Catalyst_B,Night,Imported,Type_C,462.0085405716267,120.2690672841451,134.84587657370955,655.6916087075726,46.96172333861967,6.709409810401339,86.35170649692272,8.981381601832005,17.1561284744722,1.8747765075186476,94.6645132577899,46.14257047386592,25.677017975283864,2.959554659626662,0.9147402683980912,12,24,4,8,23,0,1,2023-05-24 02:30:00,32.78458043537864,30.0,126.11256325299898,20.0,3374.5657791951344,71.85779267218693,13.962256111848326,True,False,True,Anomaly
Zinc,Catalyst_B,Night,Local,Type_C,133.92301178094016,72.2755390127927,71.4321619057726,1576.297154157389,43.05546315552577,9.507993412645488,86.72587045924207,8.615120062836892,19.306654227808373,5.382515425058552,92.80402178923778,36.942450831780434,8.617110929837644,10.874122067339322,0.5775797220437556,8,14,3,12,11,0,5,2023-05-25 05:30:00,78.81485770786946,30.0,35.554228137372995,20.0,1586.8310194478893,36.85550922343833,36.6108511819617,True,True,True,Anomaly
Magnesium,Catalyst_B,Night,Local,Type_A,482.79097875203,132.60590902954516,80.18194460017942,434.7701818438112,42.08349315842363,6.747534110727615,83.96238480561068,0.3326990526569562,20.93566313390982,2.353890082825305,73.83590248613226,59.46261471871816,32.162778461094504,6.491864704962904,0.5423132032039306,3,3,4,8,50,0,1,2023-05-25 10:50:00,21.73850909219056,30.0,154.85631873095298,20.0,3536.865928968596,84.04401972179538,10.331133402047106,True,False,True,Anomaly
Zinc,Catalyst_B,Day,Imported,Type_C,467.4219584892864,83.34750050360978,39.11160932804089,1011.2728260420704,49.01537723126306,7.950646142275513,89.44314407451505,9.82154919388535,38.06073094260411,8.51482544608832,99.63583326923596,31.073140775668687,14.529849315865704,15.917857614902024,0.7699925086944228,2,19,4,12,42,0,0,2023-05-25 22:30:00,50.56364130210352,30.0,98.6901254435881,20.0,4008.207733743182,81.77449527383543,20.631746263437076,True,True,True,Anomaly
Magnesium,,Night,Imported,Type_C,443.6469422990877,53.19231992454898,138.30210607682918,148.62454833325427,45.349856809813424,9.304979977127358,95.9173073132726,5.424574852422156,19.580795772886123,3.886685760523207,93.02950474012144,31.5732474372285,2.272356194434684,15.477724504970912,0.9581396422799908,9,9,1,8,52,1,2,2023-05-27 02:50:00,7.431227416662714,0.0,36.22548253626922,0.0,4205.082551303596,92.72537659685935,3.2772881501379483,True,False,True,Anomaly
Aluminum,,Day,Imported,Type_C,425.50526320100937,116.0831044895642,163.79532167553492,1618.6949431494345,48.638264847243526,8.5863058555985,82.77967375982342,5.701546243982644,26.66845484458861,2.4800520324284863,74.32297336424062,54.49932675670473,14.599985972462726,16.19715372379289,0.953848687477318,4,6,1,8,40,1,3,2023-05-27 22:20:00,80.93474715747173,0.0,146.54678898467165,0.0,4030.874968977133,82.8745635074927,33.280277333766165,True,True,True,Anomaly
Aluminum,Catalyst_B,Day,Local,Type_C,396.118042568422,93.38799858517108,168.81771738321146,1987.4731049683417,42.36563461229301,1.931626864411906,98.31938257278254,5.596670977314476,14.538962043723645,7.69684471419585,83.6928760691883,59.91132870067373,35.88000753104464,7.141314086707262,0.8079618315998018,11,11,3,8,47,1,1,2023-05-28 15:50:00,99.3736552484171,30.0,13.314457711515129,0.0,1066.180663369059,25.1661676527723,46.912388381682526,True,True,True,Anomaly
Magnesium,Catalyst_B,Night,Local,Type_A,497.1628979989813,95.42144285719404,135.7536444517344,538.7830036927029,46.213685139267625,9.709150558500252,83.32009572082059,8.089875025745707,27.143206295927147,5.535393555408632,81.37332985364714,48.5376197539054,37.79318566332121,5.986305483583488,0.8486477465129161,17,1,4,12,49,0,0,2023-05-29 16:00:00,26.939150184635142,30.0,165.85259099564894,20.0,5132.613858758772,111.06263963350557,11.658516347896711,True,False,True,Anomaly
Magnesium,Catalyst_B,Night,Imported,Type_A,125.64692337894478,124.75119931457958,167.1311363596521,1822.9890085098052,42.71756294843794,5.382398884978552,83.04297936006083,2.800123032415518,14.899604494334149,5.034966901166148,89.72591437388284,11.49175965433736,24.48132468251481,11.832487801189677,0.8559303372681344,13,25,2,8,23,1,2,2023-05-30 10:40:00,91.14945042549029,30.0,42.61194946163244,0.0,1012.3647875802062,23.699029572501058,42.67539818950432,False,True,True,Anomaly
Zinc,Catalyst_B,Night,Imported,Type_A,225.27616772698855,127.4237302458672,113.41580563673854,1680.004326551328,43.64254164248482,7.72035269122419,96.14440697013292,3.032750180158952,28.49967766084718,6.610101026077996,90.22399215591072,21.361296454052795,39.502601127933794,7.549029914982133,0.6853014048477765,4,6,5,12,5,1,3,2023-05-31 07:50:00,84.0002163275664,30.0,17.371464441666824,0.0,2015.3655756811656,46.17892312942797,38.49464910439335,True,True,True,Anomaly
Magnesium,,Day,Local,Type_A,353.24177314471046,63.28818432842979,148.94420510835232,1292.9467537157334,45.82317373050563,9.53299712231416,96.81796597959976,8.896326548485607,39.84084594021789,2.187185941343823,70.46901269867821,38.94674506169795,20.82040749135645,3.920002128349476,0.5553399908395066,11,14,3,8,25,0,0,2023-06-02 10:30:00,64.64733768578667,0.0,22.48054679145943,20.0,3572.556498651808,77.96396905335843,28.216001827367677,True,True,True,Anomaly
Zinc,Catalyst_B,Night,Local,Type_C,148.68018328367708,86.5022236557653,119.26260167052008,1791.6885912539567,40.86213169811627,1.545813086584369,86.31623048966458,5.792133547161153,35.555289954834464,9.92427377577092,72.05429497200835,28.587630396326094,37.87103893894856,12.759042472117985,0.6930500839566232,14,29,5,8,18,0,2,2023-06-04 03:10:00,89.58442956269784,30.0,40.69010717616525,20.0,554.8892645961834,13.579547652962107,43.8471640317422,False,True,True,Anomaly
Magnesium,Catalyst_B,Day,Local,Type_C,447.010650454501,132.9592638481315,124.45627152314756,238.88282693110196,45.54029465424552,7.369607877748952,89.74311033362225,3.762798742765152,29.22833748697584,3.189900724030148,83.30975459925753,33.38993112147402,35.31528394843947,4.045155878916205,0.6551731380748125,2,3,4,8,32,0,1,2023-06-04 08:10:00,11.944141346555098,30.0,91.6987784281513,20.0,3458.607321894533,75.94609011982101,5.245526598911278,True,False,True,Anomaly
Aluminum,,Night,Local,Type_C,334.96185062985165,128.02854471325432,64.28965261644015,1385.642855794699,41.85535650032128,9.972726570163864,91.73846698015126,4.74736442869966,32.72041438885974,2.186217928023634,90.67265500663903,49.89253304561313,19.40278734182321,3.944107516181361,0.8937411553336105,14,21,1,8,8,1,2,2023-06-04 20:10:00,69.28214278973495,0.0,55.34596778736324,0.0,3605.70005904833,86.14668134580702,33.10550839016418,True,True,True,Anomaly
Magnesium,,Night,Imported,Type_C,412.3434658917728,62.142397064102,68.64253068567254,1878.317126998076,63.54600138631667,9.863092761616471,99.08433788031296,6.813030652573037,12.539334521179164,1.7295803095322482,76.57391635147103,29.053303244925267,33.658331109648536,10.305900319578576,0.98209221732041,5,3,1,8,17,0,1,2023-06-07 05:50:00,93.9158563499038,0.0,7.55134584035126,20.0,4345.884515383689,68.38958267356043,29.558384257400864,True,True,True,Anomaly
Aluminum,,Night,Imported,Type_B,498.2691238391247,113.08839716341237,72.22892003682875,705.8023618507913,53.266739310921466,8.568488908562237,93.73565952637318,9.96965793548355,11.684821515152432,7.751818207320218,93.86285732880292,46.171805828894975,25.13859064510246,15.214552366909642,0.5310412939177633,7,22,1,12,31,1,1,2023-06-07 12:50:00,35.290118092539565,0.0,62.42654878448003,0.0,4445.015012002463,83.4482280970235,13.250339160634114,True,False,True,Anomaly
Aluminum,Catalyst_B,Day,Local,Type_A,375.3326343180051,137.9566486237709,138.339953850606,320.7660601483356,40.26268403748095,7.793431023337854,83.52052350858469,3.050798882877372,17.37883214716016,4.577662422802154,75.00329547053845,17.206203962793765,12.344232820597508,14.65929978939774,0.9073820682074244,17,10,5,12,37,0,2,2023-06-09 20:30:00,16.038303007416783,30.0,123.7057064740909,20.0,3126.159324802212,77.64408656641066,7.966832510463812,True,False,True,Anomaly
Aluminum,Catalyst_B,Night,Local,Type_B,214.2691818842243,147.33726897692628,145.80360655656588,1547.4815000436492,40.20051616847223,6.70599387821839,85.77450956338615,9.51755739699739,16.933679532652185,9.158383676880389,72.85776019625887,21.1001110928513,34.02997015040034,18.24813878794404,0.9166439458492964,4,10,1,12,17,0,1,2023-06-10 21:10:00,77.37407500218247,30.0,60.96168395510214,20.0,1734.3816114253716,43.14326721967771,38.494070413386424,True,True,True,Anomaly
Zinc,,Day,Local,Type_B,484.2381697761184,102.9546670967093,115.69011488090976,1911.568585482521,45.58420412081492,4.154879227290588,97.90947052175147,3.5050531940752405,28.49747741578191,8.505045500431539,80.17267103494996,28.651086339638866,32.100903750174325,15.57271384942239,0.5163265207810358,9,24,2,12,41,0,2,2023-06-11 22:50:00,95.57842927412604,0.0,20.2462833682018,20.0,2318.799215516873,50.86848087489258,41.93488999865306,True,True,True,Anomaly
Zinc,Catalyst_B,Night,Imported,Type_A,333.39600905726064,52.94898864993138,74.68552233505969,1720.8226551497328,54.81956000265872,7.874198054061773,81.02752261406071,5.163424549224337,11.68897556852304,3.2178461174892283,79.19293389814978,56.31783851104163,24.857168298355607,0.9481457198612642,0.928748143382046,15,15,1,8,18,0,1,2023-06-13 08:40:00,86.04113275748665,30.0,126.50696484802576,20.0,3015.160395200108,55.001543154557865,31.39066886101008,True,True,True,Anomaly
Aluminum,Catalyst_B,Night,Local,Type_B,282.1421251889193,51.306226838871616,66.68571428711326,1951.1186049292185,41.91007785746227,2.11418076437549,95.30491969843372,1.1850167888252794,23.608321102013697,3.650993070234751,96.89926032280395,21.39541531675848,20.87297558405712,9.275002020969222,0.6421587930434158,11,17,3,8,48,0,2,2023-06-14 11:20:00,97.55593024646092,30.0,26.493598684330845,20.0,910.1737180236136,21.717299622280546,46.554879033273224,False,True,True,Anomaly
Zinc,Catalyst_B,Day,Imported,Type_A,357.8266971643456,97.10284777678469,52.09248683677444,1354.1963659229098,44.99848334434216,7.7456418100119135,84.61452895726745,5.826715605939143,19.05222200462853,3.8440786059744783,99.18671922460804,43.81449293797086,31.270239408962045,10.658700562303558,0.626383241915496,15,3,5,8,46,1,1,2023-06-14 23:40:00,67.70981829614549,30.0,110.10664575077334,0.0,3137.575975076948,69.72626057343437,30.09426685695571,True,True,True,Anomaly
Aluminum,,Day,Local,Type_A,418.6761103498295,63.50506366635725,131.36670208729595,1388.0287325724005,57.77426315721188,8.793426240891417,81.0532008145418,4.92804891652337,36.30089865243751,5.200783942398821,70.28758359419955,43.00273030113991,10.991914991252417,0.8721556104128214,0.9215122521878744,19,2,3,8,49,1,2,2023-06-15 13:50:00,69.40143662862003,0.0,158.65144373093918,0.0,4007.1174369296346,69.35817469494515,24.025035659829697,True,True,True,Anomaly
Magnesium,Catalyst_B,Night,Local,Type_A,432.099619988878,106.10926764553452,80.57861724178852,1586.0887838699073,45.22626122193203,5.3536467396773855,92.3752153879003,1.1128680763278087,10.88787940648719,6.313021273626695,90.44979125598752,35.63284266017776,23.599487002980133,4.496192451707486,0.5386202095108809,14,7,1,12,14,0,3,2023-06-16 20:10:00,79.30443919349537,30.0,65.8933306677065,20.0,2621.016716812447,57.95342453692394,35.07008408426096,True,True,True,Anomaly
Zinc,,Night,Imported,Type_C,57.93423817512299,113.63464468785624,156.5875344072669,1829.812268510679,40.26001039973352,6.291281193459932,97.53931562732946,7.301123498899996,14.039101255741931,7.601955810672592,97.53085184416447,42.25165085763262,34.236296139597364,0.0888707167658764,0.7542332916669768,17,4,4,8,3,1,2,2023-06-18 17:40:00,91.49061342553397,0.0,2.851157490401964,0.0,614.300097344355,15.258319390509175,45.44987073631731,False,True,True,Anomaly
Aluminum,,Night,Local,Type_C,314.31615476977964,126.46263418354444,52.371994297294805,1671.3162761698934,41.61828075690336,7.192310381264843,82.32494847616132,1.1191827353202255,16.202724633425532,7.458714574942864,94.4518175877378,53.01786635435276,16.130742699683523,10.923872675989148,0.9268584175062592,13,17,5,12,11,0,2,2023-06-19 08:10:00,83.56581380849468,0.0,111.11108460661416,20.0,2627.043104710743,63.1223360728323,40.15822484192038,True,True,True,Anomaly
Magnesium,Catalyst_B,Day,Local,Type_B,344.6694035972892,119.47258277914251,170.06678254383027,1930.007753294592,43.28070773033512,4.055156601160242,98.02251923019269,0.2162402519082507,18.20866376707232,8.540851270916814,77.12129526144358,46.25517803602026,9.594814415599313,14.382493875471688,0.6810109389630299,14,5,4,8,46,1,2,2023-06-19 23:40:00,96.50038766472962,30.0,13.63154235109192,0.0,1695.6436674072663,39.17781746944037,44.592795601211115,True,True,True,Anomaly
Zinc,,Day,Imported,Type_A,186.73628902803705,68.61498206679761,47.63484296037539,1990.821564898284,44.85826570070002,3.1985289026748487,86.19774766267913,2.178410875502184,15.589673619129814,8.032075776759115,92.96893348524556,48.30186145633143,11.365875439745889,17.31213531295224,0.7583079245382816,10,3,2,8,29,1,2,2023-06-20 13:00:00,99.5410782449142,0.0,51.547627633996974,0.0,925.975443425062,20.642247954998673,44.380261559403465,False,True,True,Anomaly
Aluminum,,Day,Imported,Type_C,294.9120804783756,55.955206903220045,124.77993089803869,1585.5752536039952,49.64172130787132,9.602975977503116,80.20107659069627,8.59462998586492,17.028377023509837,3.723394349135087,92.636160811056,52.4474367183967,24.394531199472933,12.65547868722524,0.633601240173149,15,27,2,8,16,1,4,2023-06-20 14:50:00,79.27876268019976,0.0,116.77883387739548,0.0,3211.2717638316058,64.68896885979693,31.940376196273885,True,True,True,Anomaly
Zinc,,Night,Imported,Type_A,389.94175148407146,124.83904792242004,69.29854049804453,1570.6319024081297,45.686940107459066,6.6062113693658,98.48738566035668,0.5184448777036832,25.215549688049187,6.266566835696291,94.87725129158856,34.69515516535554,2.619345037594769,1.9541312090076324,0.7425389077632483,6,16,1,8,45,0,2,2023-06-21 01:50:00,78.53159512040648,0.0,11.796629698408813,20.0,2811.980853035028,61.54889879735961,34.378137356406164,True,True,True,Anomaly
Magnesium,,Night,Imported,Type_A,88.87589765438621,110.49441728816382,173.04252958893423,1966.3822521913185,41.58242587673754,8.497270937151171,82.25242653439571,5.755910832957126,17.045825456775816,1.2265056848325149,92.21240931712148,56.77575189120496,3.007592068589342,1.1847566343116125,0.8748400446800058,9,27,3,8,32,1,0,2023-06-22 03:00:00,98.31911260956592,0.0,31.546630458854956,0.0,1039.874603839139,25.007550230994966,47.28878151602434,True,True,True,Anomaly
Magnesium,Catalyst_B,Day,Local,Type_C,416.4093258845446,88.44390213888963,177.84342763722438,714.6864035402805,48.47994767029274,7.947927025229069,91.99548854361667,8.088299205254367,31.40416238238023,5.560893388690891,78.03600079379476,25.02091836226329,25.668441293525767,17.12859904343866,0.9027786174403928,4,27,3,8,43,0,3,2023-06-23 21:50:00,35.73432017701403,30.0,66.66306439175379,20.0,3518.029213110902,72.56668751040463,14.7418971736684,True,True,True,Anomaly
Aluminum,Catalyst_B,Night,Local,Type_C,443.2390136879241,79.9659646373795,165.18142523952378,390.53049575638255,49.27528014587512,9.882901268536248,82.89469313470553,1.630166731821571,13.621827922187222,1.2094479547142003,72.43468757647709,46.28212094959966,39.01293047491595,7.895824909897167,0.7180452134894548,7,20,3,8,11,1,5,2023-06-24 08:00:00,19.526524787819127,30.0,151.63478687604794,0.0,4615.746309486213,93.67265484481678,7.925485042403644,True,False,True,Anomaly
Magnesium,Catalyst_B,Day,Imported,Type_A,397.906227906722,51.31279390178162,32.3600360364657,306.73113725295656,40.206596600756505,8.932106503540819,92.55277254869556,1.2200326639398795,22.348934172373436,1.1617410630787597,84.43911683986514,52.9464095924926,32.23531932518264,8.010422040727336,0.563039501031749,5,26,1,12,17,1,0,2023-06-24 08:50:00,15.336556862647829,30.0,59.26596367023881,0.0,3673.775545564686,91.37245766023285,7.628875935427603,True,False,True,Anomaly
Magnesium,Catalyst_B,Day,Local,Type_A,438.6965901678428,125.94938152094444,171.37031962144462,1584.454490990757,52.84152231017915,8.060071880212895,99.91309800652982,0.2765738897297809,11.45912333632391,3.637555394689008,83.10108693537049,43.49499564193004,10.012751493695855,14.852168221785195,0.7726434224706538,15,11,2,12,30,0,0,2023-06-24 14:10:00,79.22272454953786,30.0,0.7624721642831106,20.0,3803.058057441725,71.97101618529868,29.985027336836108,True,True,True,Anomaly
Aluminum,,Day,Imported,Type_A,417.4856957067751,142.2140875228403,32.36268894036113,1211.3984327857502,45.44810526384195,9.88468052850587,97.1955821091359,6.110833475086473,38.25612013449651,3.088651512653034,94.16437360231996,33.54352755271991,31.68666256536385,2.753348486119722,0.5508497103372646,18,17,3,12,27,0,3,2023-06-25 07:40:00,60.56992163928752,0.0,23.416087084398487,20.0,4343.569350583542,95.57206676422749,26.65454204863247,True,True,True,Anomaly
Magnesium,Catalyst_B,Night,Imported,Type_C,295.47850288485904,106.3991655923643,129.55492999857037,1214.2602362045243,48.0049504566273,9.694841545339784,90.62361746582047,2.958467427760473,39.77863806135527,1.193615019970172,71.6899045544404,29.80451272930079,17.413936516654225,16.250046117041084,0.8616867371790178,14,1,1,8,27,0,1,2023-06-25 21:40:00,60.71301181022622,30.0,55.410389473502086,20.0,3153.787432661933,65.69712920569296,25.294479520432255,True,True,True,Anomaly
Magnesium,,Night,Local,Type_A,477.3058802500387,108.77732146671664,88.34599314057527,177.80660456042176,41.02502682244813,9.311883888570607,89.89970666173427,1.997196358541896,33.18890221962678,4.252717873127084,97.14799736379308,13.460603758626013,4.5354135601507295,2.4368579559832604,0.9560632712355016,14,26,3,8,31,0,1,2023-06-26 16:30:00,8.890330228021089,0.0,96.41858805209051,20.0,4607.323368752117,112.30518845708774,4.3341008728635195,True,False,True,Anomaly
Aluminum,Catalyst_B,Night,Imported,Type_C,343.7983902190601,51.402732174736855,108.57103498738896,1861.4506007434584,55.01398194311194,6.887330102987069,94.795762015961,4.498125777418936,24.38975770748187,4.072283774556011,74.11823006945032,16.941192453800753,24.781793991066294,11.136428808402377,0.8337883296723596,12,21,4,8,22,1,0,2023-06-27 20:20:00,93.07253003717292,30.0,35.78417282458986,0.0,2673.978032320592,48.60542607306012,33.83595469726805,True,True,True,Anomaly
Magnesium,Catalyst_B,Day,Local,Type_B,468.77711085772455,59.73013141055268,86.97116158517727,568.8391488775177,51.53635310207953,9.210530259034837,95.98880841095648,4.07508513149434,29.85175070561467,2.527122390047851,91.7374551253043,39.03392155989184,38.91237429855317,15.341766374317324,0.5262666775695606,8,16,4,12,5,1,2,2023-06-27 22:50:00,28.44195744387589,30.0,37.6070960841725,0.0,4443.018980339851,86.21135786498971,11.037629064493595,True,False,True,Anomaly
Aluminum,,Night,Local,Type_B,499.5662846918299,73.68501288646777,64.21339066560486,1420.101450991865,40.59165594496656,7.987835328626754,92.8335401686687,4.224357870847847,34.152803615811976,4.624095289236357,70.88837415776233,43.18999190834535,28.18256651363622,0.5136012933689682,0.6323086899687276,5,3,2,8,11,0,5,2023-06-29 15:00:00,71.00507254959325,0.0,71.60243424662826,20.0,4257.163318226801,104.87779370219796,34.985058331131235,True,True,True,Anomaly
Magnesium,Catalyst_B,Day,Local,Type_B,436.1952033154341,93.4576469801153,96.20614885538362,1821.114837961771,43.867143735377134,5.9919143466028455,85.95040461123098,9.571708448309922,12.382866184894008,9.34624774304564,76.02532135029277,53.46578246883559,15.991322339026626,2.6574028020873963,0.5649260723754336,7,21,5,8,50,1,1,2023-07-03 01:00:00,91.05574189808856,30.0,122.56732234207378,0.0,3053.370722810949,69.60495858198593,41.514324455392185,True,True,True,Anomaly
Magnesium,Catalyst_B,Night,Local,Type_C,390.54179849622295,58.76145231737684,88.73223936623836,1368.926208251573,51.1331480494065,7.221605982585157,94.24665992159132,0.6801197316399732,29.740303886095266,4.20458768431363,77.18920150194003,56.8448791994032,19.60420260447901,13.424378493307008,0.7843916019137871,11,8,1,8,38,0,0,2023-07-04 05:30:00,68.44631041257865,30.0,44.9383956316424,20.0,3108.6098447447143,60.7944154297145,26.771795996774387,True,True,True,Anomaly
Magnesium,Catalyst_B,Day,Imported,Type_C,345.88679405520696,102.7888388299796,146.13353245231272,1988.380262456269,52.36834629265406,4.7211237984790175,85.96016668404995,4.174203402072587,15.185051075492764,9.12612359863592,86.29118801936508,26.99604425947604,6.68847066455085,11.69296718570266,0.5273742090687017,8,9,1,8,9,1,2,2023-07-04 10:50:00,99.41901312281344,30.0,97.12385869446894,0.0,2027.6989507675685,38.71993473759936,37.9691245422273,True,True,True,Anomaly
Aluminum,Catalyst_B,Day,Local,Type_B,388.84904636395726,62.54564990777002,130.6091156815434,1561.4914564541186,44.21625080570821,6.123077769971174,89.05854613322741,8.625876091084933,29.73074618394109,5.559388940400127,91.47765905149252,53.92619378847876,29.431769250685868,15.842978653646435,0.7348372901650155,7,27,2,8,51,1,1,2023-07-05 10:00:00,78.07457282270593,30.0,85.09147803859507,0.0,2691.5701664962344,60.87287179375143,35.31487695136137,True,True,True,Anomaly
Aluminum,Catalyst_B,Night,Local,Type_A,443.71214895758027,61.190228736489736,52.00239981783981,1688.9566563248495,41.76100348283931,2.330300541885073,99.34845174731922,1.6581813367126783,34.67086324039617,9.57310273620432,95.61763812768838,34.861848201238416,25.051051845536392,12.040714915288422,0.7578713056131556,17,16,1,12,30,1,4,2023-07-05 21:20:00,84.4478328162425,30.0,5.781997506930892,0.0,1296.4574644475947,31.044691370511323,40.4433925305192,True,True,True,Anomaly
Zinc,Catalyst_B,Night,Local,Type_A,459.9800533910444,110.70763075828124,99.4514955892575,1707.2437262718042,41.56376058860427,6.903469109997677,83.39270571544168,2.0911886090215197,39.466410542018174,6.239307956410235,81.4644653885703,10.44761737115202,12.360927735580155,16.531479463847717,0.8191437465439821,6,20,1,8,1,1,3,2023-07-07 06:10:00,85.36218631359021,30.0,152.78048223383843,0.0,3611.29965686918,86.88577755544351,41.07529497078008,True,True,True,Anomaly
Magnesium,Catalyst_B,Night,Local,Type_C,411.3514556625568,88.05365472338997,81.2411073502855,1570.558937819054,40.184700509056206,4.54666812238335,84.56096515201955,3.4022839742793707,12.433169582276086,9.251320045228162,75.77578583180681,33.704385520034634,30.186122935584944,11.003716481473017,0.9908457317564732,3,18,2,8,26,0,3,2023-07-08 18:50:00,78.5279468909527,30.0,127.01738917483397,20.0,2263.754461429312,56.33373977539392,39.08350486437259,True,True,True,Anomaly
Zinc,Catalyst_B,Night,Imported,Type_A,296.8486481374123,131.27087761896914,43.02212887867546,1819.9785410894629,40.25601886944721,8.026394979742289,90.71546992382754,2.248641196363627,18.80377967933944,3.767863875272889,89.20668884602902,30.16747117790609,5.743005212010375,11.898062188260845,0.964926462292486,12,1,5,12,5,1,4,2023-07-10 00:50:00,90.99892705447314,30.0,55.1220040340588,0.0,2683.805269379933,66.66842238135077,45.21009757551454,True,True,True,Anomaly
Magnesium,Catalyst_B,Night,Imported,Type_C,58.81037729297408,97.97209200164367,117.69892440980016,1939.1442776512304,45.684772937888056,8.249807983893836,91.43254701785716,5.011393950874458,21.667701431656653,7.092607931695,83.98233230523297,28.475203146041856,7.056411471186359,7.895615868802055,0.8388411410059334,14,3,1,12,44,0,0,2023-07-13 08:20:00,96.95721388256152,30.0,10.077102846392728,20.0,798.2492226233126,17.472982162100127,42.44618398974305,False,True,True,Anomaly
Magnesium,Catalyst_B,Night,Imported,Type_A,424.97363617148574,125.98274458371264,114.44137011446364,1327.7847440921112,58.14232376710986,9.844124851724908,88.33295917544214,4.226029400359988,23.363956057640173,4.711634227845481,75.49576879474951,55.4898140925493,18.51143126842487,12.967149990260443,0.8521912292403281,15,25,2,12,5,1,3,2023-07-14 08:50:00,66.38923720460556,30.0,99.16369525147049,0.0,4495.684350805606,77.32206178778048,22.83680214452001,True,True,True,Anomaly
Aluminum,,Day,Imported,Type_B,495.0516013216664,126.47807440805364,84.0083274527978,1813.1732380507112,43.00633062862129,5.215007270256415,94.11576992871358,7.7035534540285635,16.361321080531347,3.116226826239327,73.6091347782425,21.62889969129153,11.936882123713543,9.983827326765509,0.9192431967716874,7,3,3,12,3,0,2,2023-07-14 15:20:00,90.65866190253556,0.0,58.25995038670893,20.0,2911.16072980679,67.69144652088438,42.16061243885848,True,True,True,Anomaly
Aluminum,,Night,Imported,Type_B,486.0484485596161,119.87906693365456,34.92134119139337,1253.3101503741457,50.176358206079,7.721402440973563,94.22333451968622,5.764780713002104,28.772139962865158,5.29071804728112,89.79326279899315,25.8107105755327,5.731713334507607,5.143467494923795,0.6700864278512477,12,22,5,12,51,1,2,2023-07-15 23:30:00,62.66550751870727,0.0,56.15478589108806,0.0,3987.21120987641,79.46394183293575,24.978101145298023,True,True,True,Anomaly
Aluminum,,Day,Local,Type_B,456.8611478659834,88.94357729183466,106.95634404040194,689.220222278166,43.41093281265265,7.641929135496544,95.53463592743796,8.990259285976327,16.75171144771972,7.44106776413312,91.99968872504935,51.48940770738119,24.20907686674482,18.55348110613279,0.693502256521964,19,9,4,12,4,1,1,2023-07-18 21:50:00,34.461011113908306,0.0,40.80102711660431,0.0,3632.543478913168,83.67807931218697,15.87665082555619,True,True,True,Anomaly
Zinc,Catalyst_B,Day,Imported,Type_C,345.49508171793485,112.99487933052647,104.34948407179576,1919.5985634119293,57.8755870229537,8.485733835343073,84.02807332616285,3.382859477082006,39.7234886197166,6.954641201173122,89.65592108983134,17.741093439102983,23.6007244191668,3.379612578724578,0.7479026538757593,7,17,2,12,28,0,2,2023-07-19 23:20:00,95.97992817059648,30.0,110.36444222740457,20.0,3359.138704289474,58.040684804755855,33.167673317086326,True,True,True,Anomaly
Aluminum,,Night,Imported,Type_B,454.7572491568639,118.11809032172393,99.87500737307792,1448.9537502537278,60.04522426905893,9.8949203253645,96.44832394161963,9.200495595046997,12.288403827174712,8.07256457117553,97.9464324639413,51.827679586523935,11.34743910928798,16.57643712086957,0.5817843128259241,10,11,2,12,14,1,3,2023-07-20 01:30:00,72.44768751268639,0.0,32.30300868410701,0.0,4740.785945070191,78.9535887788015,24.131040692945966,True,True,True,Anomaly
Aluminum,,Night,Local,Type_A,407.51616780207786,149.12807263779894,89.80987541198367,1711.9727833051395,63.85054503677885,9.991460952926552,99.57010501932255,4.686992574742888,16.82103647311861,8.585761640750846,99.09704544746018,12.749116054890392,1.309291260631671,12.930667105581865,0.5003065095310263,13,27,4,12,10,1,3,2023-07-27 23:00:00,85.598639165257,0.0,3.5037831016603453,0.0,4333.060743508853,67.86254903561037,26.81218746557321,True,True,True,Anomaly
Zinc,Catalyst_B,Day,Local,Type_A,492.4442557830806,127.06947002898148,47.84683763145216,1722.998057266202,58.942936644562366,7.820665207291357,90.75122370444026,4.609368810458443,38.02536472992494,8.598707079042239,85.02630811842333,50.30458044325444,10.868445408979124,17.605219811776664,0.5418612325690102,7,22,3,12,6,0,4,2023-07-29 18:10:00,86.1499028633101,30.0,91.09013519542222,20.0,4210.919879168371,71.44061899326557,29.231629018693507,True,True,True,Anomaly
Aluminum,,Day,Imported,Type_A,390.9392823070424,62.9200696410047,35.361481953997874,1957.3106194988336,49.12193804478669,9.173407564326132,89.0639923318937,2.875761072527596,38.21278352692031,9.648997957947294,77.0460289243769,23.686230375553443,4.510951081188095,19.62670081548665,0.9377070341202594,1,5,3,12,43,1,3,2023-08-01 12:50:00,97.86553097494168,0.0,85.50629978147575,0.0,3930.797372345361,80.02121921088447,39.84595676404838,True,True,True,Anomaly
Zinc,Catalyst_B,Day,Local,Type_B,428.462915383552,136.26088154253216,122.0736223938974,691.0570035706371,42.32062653353814,8.488295733714995,99.712496208354,9.180432272846527,34.14263346921121,9.927776004726308,91.76716091217531,32.545653737485914,34.85584287608637,2.685856889327776,0.559161172037088,6,27,2,12,38,0,2,2023-08-02 18:00:00,34.552850178531855,30.0,2.4636942550494467,20.0,3796.417139755962,89.70607126402979,16.329082534328503,True,True,True,Anomaly
Aluminum,Catalyst_B,Day,Imported,Type_C,257.2872269221167,79.92426804206815,90.96492342974544,1253.5243990105323,45.778252990244816,9.638799194951616,83.05454127042316,9.870017336545487,13.482764515396289,3.269246047416812,98.66386218275922,30.91755156501616,38.24390699322863,7.443477978485546,0.7816643256219198,10,28,2,8,38,1,3,2023-08-03 07:10:00,62.676219950526615,30.0,87.19700170912003,0.0,2745.38057536767,59.97128321940772,27.38253028741953,True,True,True,Anomaly
Magnesium,,Night,Local,Type_B,362.4692827369223,71.96185735725726,131.55608861586438,1665.3919615539155,51.165307467998375,9.624492370375748,85.88705048493297,4.437753442056753,17.8649316204305,8.426841631944084,75.33355425452979,45.32958297517757,20.30426030538027,0.8516715087513305,0.5121490911872038,16,27,4,12,44,0,1,2023-08-05 00:00:00,83.26959807769579,0.0,102.31021376057484,20.0,3817.738256174078,74.61575909735133,32.54924174149728,True,True,True,Anomaly
Zinc,,Night,Local,Type_C,325.27174724163655,131.00520341690998,147.19974210609337,1847.001341400396,42.75909125420111,1.4771974528761929,98.4678713561577,4.0838808550801,33.735004433793506,1.0697223918071384,99.24942474979076,12.357011560130006,28.58608904447399,4.338669490249778,0.9434574436531457,13,27,1,8,10,0,4,2023-08-05 04:20:00,92.3500670700198,0.0,9.967163219630883,20.0,759.6387504229305,17.765549457234908,43.1955237406718,False,True,True,Anomaly
Zinc,,Night,Local,Type_A,383.0263159849385,66.08330972882489,92.11973148648828,1169.227742121788,47.72228395425097,8.139983017653035,91.44890389248732,1.1401695113767685,38.789045697711785,6.623365643745666,79.94833837919386,45.20652725142915,33.306621800004685,16.516755816491553,0.9376350240842668,3,12,5,8,17,1,0,2023-08-06 08:40:00,58.46138710608941,0.0,65.50589679387467,0.0,3340.545004534467,69.999688358103,24.50066604613203,True,True,True,Anomaly
Aluminum,,Night,Imported,Type_A,467.195210138827,100.99091235213191,160.44317727197037,1949.7234109033304,60.28055926963367,7.164792437812719,82.43171544139814,9.73111705997164,37.247302550998654,3.375164478933989,97.35170202255,31.35578428594609,19.18597902389257,13.192291790635537,0.6404200878704116,2,27,3,8,36,1,5,2023-08-07 14:30:00,97.48617054516652,0.0,164.15636792269416,0.0,3761.173766350497,62.39447363994826,32.344149333158285,True,True,True,Anomaly
Magnesium,Catalyst_B,Night,Local,Type_C,266.30175888621727,74.83943164704428,156.93814851375038,1529.5789559684426,43.86042544367023,6.344090646581384,99.95213206331218,5.4545357643326025,28.49358661328296,3.714192542847554,98.74601953402262,23.89487766643492,7.104112484454941,13.501536666731475,0.639868646827727,18,6,3,12,13,0,1,2023-08-09 21:20:00,76.47894779842214,30.0,0.2549463146843985,20.0,1956.3837345115423,44.60475963745765,34.87378292608846,True,True,True,Anomaly
Zinc,,Day,Local,Type_B,90.56057921552912,132.61965861227043,102.3826852680291,1937.7694253079744,42.16086847225107,2.9295138150562665,88.69155448969714,3.301498353892092,27.56194242612089,2.552051379231581,88.54762401130093,56.68401435984732,11.35842722810982,16.268700648819664,0.820598890194849,13,24,3,8,24,1,2,2023-08-10 10:00:00,96.88847126539872,0.0,20.481987508805528,0.0,543.5163232859688,12.891487841235858,45.96132611887139,False,True,True,Anomaly
Zinc,,Night,Imported,Type_A,246.2477023170512,64.82417174429618,72.87424029110502,1721.1533957167323,44.871459499877474,5.62476946097001,99.88050935294224,0.3163569422428536,15.357596082765516,2.6801483858598454,90.658594753023,22.79758450391088,1.5915479144861422,8.654329913381913,0.7549847492280553,10,22,5,8,21,1,2,2023-08-12 22:00:00,86.05766978583662,0.0,0.5884859457269267,0.0,1631.8811024341771,36.367907810946804,38.35741950228813,True,True,True,Anomaly
Aluminum,Catalyst_B,Day,Local,Type_A,451.3131582215448,138.85540368118336,165.84655489428854,751.3643923091014,40.557695100006256,7.669796275318134,80.9607325509421,5.37501493177168,29.59038820468427,5.294817650489669,82.16459817252213,13.72575877761392,2.295219394230257,8.407840120171702,0.591283128703638,10,24,2,12,23,1,3,2023-08-14 07:30:00,37.56821961545507,30.0,171.85343845317956,0.0,3768.567382236867,92.91867728046226,18.52581588910326,True,True,True,Anomaly
Zinc,Catalyst_B,Day,Imported,Type_C,455.9408605367389,143.63667463808372,114.42986855833117,1392.3447128518778,55.86632698962419,9.002898785611267,83.94674012629835,7.796060240932176,22.808456189091476,2.9903368123025285,93.65532511468176,23.14346537138318,24.90333336371425,18.6077299038437,0.5245140917696716,7,27,4,8,15,1,4,2023-08-15 02:30:00,69.6172356425939,30.0,146.38674242470864,0.0,4503.827438910671,80.6179264254682,24.9227895922077,True,True,True,Anomaly
Aluminum,,Night,Local,Type_C,305.3634786940719,108.0175406298059,178.10736809752743,1735.0637545293291,43.95163404471045,7.282392642415568,85.8259970493411,9.787926540654915,32.15541780047714,4.353134319780364,87.23194346478708,38.48948974673115,6.791020834030461,1.1781136965958794,0.5333593262059053,12,20,3,12,42,0,2,2023-08-15 05:10:00,86.75318772646648,0.0,86.56445696066484,20.0,2549.043996194746,57.99656944726317,39.476660930610905,True,True,True,Anomaly
Zinc,Catalyst_B,Day,Local,Type_C,364.6796995527392,93.49981370902216,128.84656383697552,1867.5675935032373,60.41234369718245,7.92247733430123,81.2256237788238,5.223542590763479,22.68363359029705,6.300715213027805,76.45670978461358,23.29960916198045,13.676061377940004,18.03263711472709,0.53501872831515,3,19,3,12,16,0,3,2023-08-15 17:20:00,93.37837967516188,30.0,136.9326775925725,20.0,3369.5811815454013,55.77636912144089,30.91367557041721,True,True,True,Anomaly
Magnesium,,Day,Local,Type_A,275.6470236075253,111.91286395288604,107.13003804143445,1978.3950222023132,57.550214813265576,8.725121763432886,85.68110070578706,8.126411593274348,11.427152876135612,2.5569782275473707,93.14318645434324,52.10762196211127,34.59083408422311,8.303259553980746,0.8403888309352237,9,19,3,8,6,1,1,2023-08-18 06:50:00,98.91975111011568,0.0,78.93923943571382,0.0,2766.323456268282,48.067995319291704,34.3768486116282,True,True,True,Anomaly
Zinc,,Night,Local,Type_C,481.32282600667554,53.59850066308428,108.65284026532773,1011.4267430147692,59.57763574318411,9.685165099967742,99.99854016252846,9.21467674135474,21.220274366271937,5.354111710479424,96.32095850483614,38.37723906277591,0.1588314839445592,13.397429503308375,0.5096459881671975,15,21,2,8,12,1,3,2023-08-21 06:50:00,50.57133715073846,0.0,0.0140530619462435,0.0,4833.573792067668,81.13067482072157,16.97661765858978,True,True,True,Anomaly
Aluminum,,Night,Imported,Type_A,229.49434489842503,127.39771775254006,67.21635041051388,1796.204437632802,42.322586330912905,3.392566645072466,90.16661599970784,4.657030554223413,39.05761499619696,6.007200078647106,88.71817719352981,42.09544572865977,21.880878824406743,13.78739470362402,0.7507760785093918,13,25,3,12,4,1,4,2023-08-21 20:20:00,89.8102218816401,0.0,45.134120385634105,0.0,1038.5658030661896,24.53928015990859,42.440800370482876,True,True,True,Anomaly
Magnesium,Catalyst_B,Night,Local,Type_B,131.32185829366722,113.30716170184289,174.42646124437982,1795.9155317249106,41.38120794294019,2.081482435898937,93.3448534777193,9.140694625502007,29.480706411406477,8.415073114407464,79.02445394860841,44.25693394473392,13.643762498871457,7.049487678064594,0.8662388036040694,2,16,2,12,12,0,0,2023-08-22 23:00:00,89.79577658624554,30.0,17.47932417045076,20.0,602.6278392769401,14.562838284177031,43.399301784550765,False,True,True,Anomaly
Aluminum,Catalyst_B,Night,Imported,Type_B,60.726317308775975,131.7155049489863,146.86537178383392,1926.5209884391843,44.1354678975784,3.3734470220944743,98.0705612284462,1.3094657603765358,39.434522232282525,7.340396117772302,97.15958657238154,57.7801233611854,15.16526390895454,18.15316328973905,0.9334555390829956,4,16,1,12,24,0,3,2023-08-23 01:40:00,96.32604942195924,30.0,2.3433542213846112,20.0,528.6129328859588,11.977055145595555,43.6501770619019,False,True,True,Anomaly
Aluminum,Catalyst_B,Day,Local,Type_A,339.07184207744075,87.1183411121105,163.7668577878842,1872.667777666923,48.59745458724299,5.005374057515487,86.91052173718136,8.670283867752667,37.70449503907099,8.160926791589832,81.03459977177964,25.44668593877223,37.71833068360013,0.9482976408046828,0.7516782979326473,11,3,1,12,11,1,1,2023-08-23 16:10:00,93.63338888334616,30.0,88.76547012813073,0.0,2065.9822180990773,42.51214874618979,38.534277022782696,True,True,True,Anomaly
Zinc,,Day,Imported,Type_C,356.9601316408682,110.5168855130259,143.98910665098413,1320.2577676638432,51.30363157907348,8.504260607039715,98.04684136966922,4.686738960170848,26.82037402900532,7.861637975966289,83.96392721026635,18.23494907496634,16.982894966889024,7.812533752732755,0.8002360095501844,9,24,1,8,48,0,2,2023-08-24 16:40:00,66.01288838319216,0.0,13.943995235967432,20.0,3239.091767808281,63.135720963844825,25.73419711290712,True,True,True,Anomaly
Zinc,Catalyst_B,Night,Imported,Type_A,349.56000188525826,140.2116601314342,43.28937764857712,1747.081398728245,41.49792543885676,3.6520583171280063,86.20205896156617,3.887259191673207,28.91262084694762,8.953289580234598,86.56883701173666,12.991288123803532,37.49690732679401,14.983229118086369,0.6986858346882505,2,7,3,12,37,0,3,2023-08-26 09:50:00,87.35406993641226,30.0,96.46416590815228,20.0,1651.2865435830363,39.79202637529555,42.10045153467739,True,True,True,Anomaly
Magnesium,Catalyst_B,Night,Local,Type_A,392.525644904648,82.11028669578431,74.1820240418904,879.1721510322216,58.146341158506125,9.846190207014004,91.14566099923516,1.9236588909355576,29.73795030323476,3.5100102301705185,95.05797680932422,52.94511470849879,32.29614858021439,0.4055316093435901,0.6020712078208379,14,23,3,12,51,0,2,2023-08-26 20:20:00,43.95860755161108,30.0,69.51110252959201,20.0,4109.410935269482,70.6735944754853,15.119990931770072,True,True,True,Anomaly
Magnesium,,Night,Imported,Type_B,232.57544929861976,121.61630359158087,68.54581827540736,1758.7141677008929,41.55972542499215,7.38362920006606,82.43739544829825,7.433049120844667,38.510228353659215,1.5098282998806134,70.92658531639233,58.26252546009639,30.074017236311946,15.297867743515086,0.9936025018351547,18,2,3,8,43,0,1,2023-08-28 02:50:00,87.93570838504465,0.0,81.6926128893204,20.0,2082.831618832226,50.11658757446229,42.31775233633476,True,True,True,Anomaly
Magnesium,,Day,Imported,Type_B,427.9106703465723,146.17190162501333,154.53376638531415,1892.4119850491688,45.648366100174,6.63010270751589,90.17034409492956,9.278944117058282,37.80595727353239,5.635868227495193,86.83215845470455,35.56738257719576,24.13750369628322,2.98456579587705,0.5478992906105918,13,21,1,12,28,1,4,2023-08-28 21:40:00,94.62059925245843,0.0,84.12429295229684,0.0,3183.711456072284,69.7442587339429,41.45629179577482,True,True,True,Anomaly
Zinc,,Night,Local,Type_B,273.7456402924832,125.19415001824528,50.38976116616847,1905.6297928476235,40.40701070867521,2.523483405014905,91.29488669145196,7.395698645297129,19.266472875979407,6.185474944132259,73.2498434716734,29.67732637634233,16.213452189032708,18.86631878027739,0.5148238971357375,16,25,5,8,29,1,0,2023-08-29 02:00:00,95.28148964238116,0.0,47.65973632934199,0.0,976.3181846142562,24.16209879155067,47.160870339722834,True,True,True,Anomaly
Magnesium,Catalyst_B,Day,Local,Type_A,312.25861007514845,116.63200627164456,72.31699147726724,1741.83408846245,47.60626001354729,8.019572592664584,81.78496359941354,2.751793571426909,32.02096596777018,5.811354874655948,84.28443396774944,16.371273087635913,31.90826631847886,2.3817407331079266,0.7117679060213687,4,11,1,8,44,0,1,2023-08-29 07:40:00,87.09170442312251,30.0,113.75603897830726,20.0,2886.798476232429,60.63905199465226,36.58834128046978,True,True,True,Anomaly
Magnesium,Catalyst_B,Night,Imported,Type_A,449.0116112015767,125.5102097714174,160.5989581482973,1260.604036362905,49.67071254313859,7.693463192815205,88.42357381011868,6.784297216833823,20.009716224836996,6.996884354463101,91.07269286328756,19.35323341566131,15.008392464487654,12.999002086909002,0.7627408512856859,7,22,1,8,26,1,2,2023-08-29 13:30:00,63.03020181814525,30.0,103.9589955094948,0.0,3730.150232131992,75.09757845515882,25.379221916095545,True,True,True,Anomaly
Zinc,,Night,Imported,Type_A,471.702141161385,56.7572248375752,116.38017234613386,298.7525756242185,40.03180464864259,6.197670874518282,87.07379303973309,4.540460245479217,33.10550072521275,3.317001778190471,90.6615552247968,18.258210287974865,23.356383674693568,10.742531288724566,0.8234405871213489,19,23,1,12,7,0,0,2023-08-29 17:40:00,14.937628781210924,0.0,121.94639000506196,20.0,3129.527929863034,78.17603921009218,7.462880533274901,True,False,True,Anomaly
Aluminum,,Day,Imported,Type_B,171.29815088181667,119.35684139682046,41.041095340924414,1860.9854131582988,43.64757130058422,4.285354851905133,86.78089571195949,8.594802250884022,26.847516660731515,7.461739656539427,76.95771650698101,28.975938779031303,35.66534420402678,0.3017055192083218,0.7505468601680737,3,21,2,12,4,0,1,2023-08-30 07:10:00,93.04927065791496,0.0,45.28816241710469,20.0,1062.3467927049312,24.339195997618127,42.63663149416494,True,True,True,Anomaly
Magnesium,Catalyst_B,Day,Imported,Type_C,427.2280736535102,92.10320903007246,144.70316547349398,1206.109953688601,47.84246414083864,8.107997604164554,84.18702481268174,2.352161024881126,25.950800880581752,5.276258991667922,93.01809363724996,16.406063384083048,10.704455011150898,19.387554117886054,0.5576101700840587,2,3,1,8,16,1,2,2023-08-31 20:10:00,60.30549768443006,30.0,135.11493856017466,0.0,3791.462935124498,79.24890582481683,25.210029946159434,True,True,True,Anomaly
Zinc,Catalyst_B,Night,Imported,Type_B,414.5532564172853,147.34223681587645,146.1340413156355,1938.8013994788505,42.42415041565585,8.969179809299604,83.98666210683253,2.22718778630324,15.472669756901292,9.574125017126006,84.57266636705934,11.643673230153574,5.092461347098833,2.9552996419356736,0.7830626701685679,4,9,1,12,24,0,1,2023-09-01 14:30:00,96.94006997394251,30.0,132.76762739445775,20.0,4171.0363340173735,98.31749824454067,45.70041781587149,True,True,True,Anomaly
Zinc,Catalyst_B,Day,Local,Type_C,401.136174097674,56.04660446044092,121.97363018787722,1854.9156882728892,40.5178449750115,4.552544926010314,85.91564841143143,8.870313747443737,22.00249174479791,9.353170159937516,88.72748493548957,19.59586898793737,2.9854050000506405,11.41891907133151,0.5241261501760293,14,1,4,8,19,0,1,2023-09-02 08:00:00,92.74578441364449,30.0,112.99485821769782,20.0,2226.626902717428,54.95422829350011,45.78021583864759,True,True,True,Anomaly
Aluminum,Catalyst_B,Night,Local,Type_C,358.3544343336055,137.765864888998,152.0781538639975,1487.1981652587428,49.85268763839933,9.71439744144781,92.8522975107417,3.5772969044120986,21.188057233790403,1.3768780308797872,73.54220949543456,15.902959861440504,3.131126925052663,0.172984093105355,0.6909606262968366,13,6,3,12,3,0,2,2023-09-03 09:10:00,74.35990826293714,30.0,51.22821764646117,20.0,3783.541349466548,75.89443074584113,29.831855326355956,True,True,True,Anomaly
Zinc,Catalyst_B,Day,Imported,Type_A,483.2767276146355,61.02325464518127,82.29501187235357,1962.2197962089328,76.43064762004268,9.435962735192923,99.65519126234842,2.025336259074597,14.69619721399635,5.036524517416162,87.66257140789739,58.98682974965261,11.012804018461663,4.610069218449362,0.7934001245740816,5,29,3,12,9,0,1,2023-09-08 11:10:00,98.11098981044664,30.0,3.3327607677037854,20.0,4863.353241540669,63.63093069311289,25.673206459843904,True,True,True,Anomaly
Magnesium,Catalyst_B,Night,Local,Type_B,386.8819638764574,81.49186337044296,169.11643587838913,1819.4866227732932,41.40495946793605,6.059953451610082,93.85766028485774,5.852673157858006,11.348432865985757,5.631617419835784,97.48402317538635,52.99446502922201,38.29958474631608,14.38783206397141,0.8368565367699956,17,4,4,12,45,0,3,2023-09-09 01:20:00,90.97433113866468,30.0,47.5272090358119,20.0,2709.9247767183265,65.44927978535732,43.94368805462305,True,True,True,Anomaly
Magnesium,,Night,Local,Type_A,370.8352841335505,89.1463388158162,173.17534712048715,1839.0168107490035,52.58531974519925,8.051495584704423,86.43895214991514,1.6624773276145333,19.26555093949141,6.116331170279173,88.47298916339915,28.875400450876967,25.779948297151787,7.157010538347384,0.5200962614147093,13,16,5,8,2,1,3,2023-09-09 22:00:00,91.95084053745018,0.0,100.57830065269788,0.0,3364.086772582018,63.97387690866215,34.972057214064876,True,True,True,Anomaly
Zinc,,Night,Local,Type_B,474.6463847758292,52.62514853526972,40.25407088470961,1911.0289140705556,49.09175605525073,4.030139198508482,83.78165071437115,1.6485988716902278,37.700656587652745,8.492756000278476,72.53209309421396,11.71187126851745,24.35638209583496,10.481825055425483,0.6233666955719632,2,4,5,12,39,1,3,2023-09-09 23:50:00,95.55144570352778,0.0,153.95961710910765,0.0,2336.463509056892,47.593805901489844,38.927695149462004,True,True,True,Anomaly
Aluminum,Catalyst_B,Night,Imported,Type_A,464.4662088003337,77.9230206759845,70.57675754686205,1973.402814706836,42.85962478641535,3.760107283584968,80.07226884171416,7.142538453395767,39.304591553061165,5.848873253097641,81.9447369249867,11.01845387230401,1.4113689862408751,5.312050579926182,0.8192913920245626,19,5,1,8,30,1,2,2023-09-10 05:40:00,98.6701407353418,30.0,185.11515482162608,0.0,2263.8455716857325,52.82000444397902,46.043399225751486,True,True,True,Anomaly
Aluminum,,Night,Imported,Type_C,493.457029861272,90.29463208588864,32.20897336792121,1686.2068547602178,67.4914535189606,8.909846006013225,95.84259708607476,6.03454313555397,20.647249350686067,1.4977019161070633,95.56048955206704,10.244795995529527,18.1314608168409,17.38053539603762,0.7390988497579616,5,10,3,8,17,1,3,2023-09-10 13:50:00,84.31034273801089,0.0,41.02999387684287,0.0,4661.772916225198,69.0720479877582,24.984005630972312,True,True,True,Anomaly
Magnesium,,Day,Imported,Type_C,169.7235211433349,136.53857096801818,55.60521024222539,1751.09752114942,46.78206444217417,7.8743233258098275,90.88476086393082,0.5982518314346663,28.58069257940324,6.592755508620884,91.68838004451418,21.90951822123546,15.54162130198035,15.59975935795185,0.6057233955276307,2,1,2,12,31,1,0,2023-09-12 16:30:00,87.554876057471,0.0,30.941409644743807,0.0,1602.2681514152628,34.249624733764705,37.43095868105385,True,True,True,Anomaly
Zinc,Catalyst_B,Day,Imported,Type_A,188.28530710968596,109.75648217585794,103.16218604062104,1877.9835343873483,46.9256557819942,5.79858640892306,85.61843383357903,9.991329519305443,37.36209647833855,3.0073828195862147,88.82068527604808,21.63771152371365,35.20472700347499,8.752497775679242,0.8057055947740757,17,3,3,12,26,1,0,2023-09-13 03:40:00,93.89917671936745,30.0,54.15675204725681,0.0,1391.8328229162662,29.660380866756583,40.02040042044437,True,True,True,Anomaly
Magnesium,,Night,Local,Type_C,331.67495427983454,78.14276356900069,101.5387708971324,1895.542761832547,45.70980467932994,7.059124024289564,87.63136828971045,6.622919135165271,11.069486026106787,1.6601026805294223,84.74751989232035,48.93420990633237,4.891611642382467,14.617610538633167,0.9895389853478134,12,17,3,12,48,0,3,2023-09-13 13:10:00,94.77713809162736,0.0,82.04730714028794,20.0,2667.781628491517,58.36344406209841,41.469062822088915,True,True,True,Anomaly
Zinc,Catalyst_B,Night,Imported,Type_B,466.4142557963257,136.21397387030083,36.4645349517,1706.5038318770878,43.52356062885181,8.047729607321443,86.89706320352698,2.8043037629421037,26.51026518568358,1.5285273326297626,96.11458835155892,13.703780681523094,28.482834275386097,8.126303812442924,0.6821987618104984,7,3,5,8,16,1,3,2023-09-13 15:10:00,85.3251915938544,30.0,122.2279302934651,0.0,4123.370455180815,94.73881262479772,39.208736767410635,True,True,True,Anomaly
Aluminum,Catalyst_B,Night,Local,Type_B,396.4229422887451,114.70062665043304,151.83137904312628,101.06993230453656,40.92482310167048,7.494563457193409,95.62838802267407,7.810834615346161,24.27861291927016,1.2217947152373116,70.59386623082439,10.92124073891242,5.197010115868985,9.818027821051682,0.8480230634928395,13,11,3,12,23,1,3,2023-09-14 22:30:00,5.053496615226829,30.0,34.660145651925184,0.0,3077.2397381407663,75.19249943966547,2.4696486055283904,True,False,True,Anomaly
Aluminum,,Day,Imported,Type_B,456.5401668472818,50.77258580841916,95.51314459241458,1377.8650557493556,54.01364649908335,9.210925466950403,89.77798857900119,5.33909756954647,20.57625611301177,9.016560667602173,95.96896127409002,44.637250569960976,29.270742425401007,15.02063367181746,0.9221399463519976,2,6,2,8,37,0,6,2023-09-15 03:20:00,68.89325278746779,0.0,93.33517599315236,20.0,4511.97151834412,83.53391801497223,25.509572951582506,True,True,True,Anomaly
Zinc,,Day,Local,Type_C,67.37408495626434,53.06344352969704,38.90674601942308,1748.2175939814422,40.66087073171378,4.238244080082982,90.2816234112998,7.429337848148886,27.39249642157359,4.180546831974706,79.15462125726741,33.54029015240455,31.216326536561816,13.49768804953808,0.5987455766953924,18,14,5,8,45,0,4,2023-09-16 20:20:00,87.41087969907211,0.0,13.095334598481148,20.0,535.2330571665647,13.163344698103213,42.99508501715153,False,True,True,Anomaly
Magnesium,,Day,Imported,Type_B,409.9816513510122,77.27102457448493,56.95503711282163,1944.4991292096247,56.33760650079024,7.612863657523578,99.67251385204074,9.805873250156056,14.642690909323402,7.095666601741078,73.85845122077967,11.105610546138497,21.216922514881823,14.571127022282822,0.7533004570933313,6,6,1,8,41,1,4,2023-09-17 20:20:00,97.22495646048128,0.0,2.6852662346984366,0.0,3366.5397180218133,59.75652724924676,34.51511787570084,True,True,True,Anomaly
Magnesium,Catalyst_B,Night,Imported,Type_C,412.3838906949423,91.27996191236087,102.958735852238,1031.434599405928,42.3031375839818,6.249024486795956,95.4217894689626,5.036675459621799,34.106455009099264,5.1790837079001815,91.54832700761582,36.010611918293534,15.581348260337474,19.541498671754088,0.5538246359425687,2,8,4,8,21,0,1,2023-09-18 07:10:00,51.57172997029641,30.0,37.75960542419519,20.0,2824.34086815313,66.76433544784098,24.381988152965835,True,True,True,Anomaly
Magnesium,,Day,Local,Type_C,443.2893868350038,97.11085565257432,96.78375276544016,1264.5081456415692,49.21324267590701,9.071460647705566,92.4157647003438,1.21513269117976,22.300596264706154,4.440899236410583,83.2032676030662,15.61109408910422,4.639109789673808,7.129378966510174,0.9964607478382908,8,13,1,8,16,1,1,2023-09-20 12:20:00,63.225407282078464,0.0,67.24022031193962,0.0,4295.724489387735,87.28797892220102,25.694469148659163,True,True,True,Anomaly
Zinc,Catalyst_B,Day,Local,Type_B,334.0484834191371,117.39177759553104,171.1684096731686,1447.1157329856997,48.40452511731373,8.884907018563984,91.20605607450368,4.363482092903829,13.217424486021116,6.882033881578718,79.43666464193727,28.07762322199496,4.649561463364749,15.818902674792778,0.9255966118717258,16,25,3,12,33,0,0,2023-09-21 09:20:00,72.35578664928498,30.0,58.75207263169956,20.0,3291.4599103479645,67.99901253799612,29.896290263739893,True,True,True,Anomaly
Zinc,Catalyst_B,Day,Imported,Type_C,381.40526348451823,67.07238641991523,160.56830964318735,1421.3258511389704,46.50776294086222,8.089319449418804,82.45463546217898,5.309259065558461,38.85255343912546,1.8656652071030024,90.05131950155152,50.92108722954621,18.22458411342364,12.331824257399084,0.8137792051767319,18,13,5,8,40,0,1,2023-09-23 00:10:00,71.06629255694853,30.0,133.83788768959096,20.0,3456.9392817245,74.33037117094264,30.561045323686773,True,True,True,Anomaly
Aluminum,Catalyst_B,Night,Imported,Type_A,119.63014916000807,131.91007392762558,165.2262307300845,1947.28078393154,46.37720944781303,2.5798228832832013,86.68945356013344,0.713540779826648,12.160649115002771,8.297449709724152,71.5946996796512,22.69933524073189,0.6900633545387835,18.927878878175328,0.7340399350653597,17,18,3,8,5,0,2,2023-09-26 03:20:00,97.364039196577,30.0,31.84685312004901,20.0,669.0720116717031,14.426741488717449,41.98788170130763,False,True,True,Anomaly
Zinc,Catalyst_B,Day,Local,Type_B,476.51280656773736,106.04440101614804,92.62750906738906,1195.8493853987502,43.82738930773692,5.4741404331348855,95.09909255016696,6.752178510046132,35.95409413614512,2.632395994136303,78.06978382777673,40.07533627177799,7.993618470637527,17.937811805853404,0.9258472682058894,8,20,2,8,10,1,2,2023-09-26 18:10:00,59.79246926993751,30.0,46.70690327297335,0.0,2825.207186878897,64.46213729596161,27.28543507353391,True,True,True,Anomaly
Magnesium,,Night,Local,Type_A,499.14585157949017,121.82943172081391,160.66862357281306,535.7975853666045,59.052298987360274,8.71158117011801,97.65197966447764,3.5103249463571773,13.008093885343708,8.990730805983862,89.66844271101955,14.373514582993652,19.62772875000831,3.998956950131949,0.745474552863285,6,18,1,12,4,1,0,2023-09-27 18:50:00,26.789879268330225,0.0,23.440092198005377,0.0,4449.50151184552,75.34848918918304,9.073272244342057,True,False,True,Anomaly
Aluminum,Catalyst_B,Night,Local,Type_B,177.74602030315248,103.09441108565866,88.85662813953589,1922.0428693188055,40.60889874186111,5.762374991346454,85.97341442111174,7.516099776644145,12.177263398087565,7.754233054930562,92.36746134231382,38.79363958299464,22.332078402467022,11.581011089432868,0.8574120467555328,13,23,2,8,43,1,1,2023-09-30 00:30:00,96.10214346594027,30.0,49.863395301779576,0.0,1333.846725138311,32.846168363667886,47.330583415636795,True,True,True,Anomaly
Zinc,Catalyst_B,Day,Local,Type_A,346.788765634162,119.18404186395264,58.308321831533775,488.1797926683446,41.77834882531268,9.945372296676464,82.68733550482253,6.928755718461415,10.196875596840997,3.01746433511463,88.56374106237038,38.42616423074984,0.8039517150772113,3.1280532911865837,0.8217359651346423,14,2,5,12,23,1,2,2023-09-30 01:40:00,24.40898963341723,30.0,120.0767510024196,0.0,3642.360020588353,87.18295775206698,11.684994893157818,True,False,True,Anomaly
Magnesium,,Night,Imported,Type_B,450.00498752614914,52.97480342871833,103.40064460021374,1687.536894160045,41.76445720771356,8.609063674591559,84.94910768826549,2.5062999709490907,13.708554855977432,6.544267028047103,92.24913625408286,22.63940430595181,16.085617415984295,18.659777653538203,0.5760765436765868,4,21,4,8,30,1,3,2023-09-30 10:10:00,84.37684470800225,0.0,135.45953213999005,0.0,4249.244985516813,101.74309136554542,40.406053543738395,True,True,True,Anomaly
Aluminum,,Day,Imported,Type_A,125.77200995338733,66.39165648808051,153.95774924482538,1896.5500021768976,45.58037879064719,7.5139738553049105,93.5710796719008,6.845118025371612,31.404863053366583,9.596340878878951,98.48522943615512,58.26500580771352,10.436506656378556,15.462244756914442,0.6653766718232235,12,12,4,8,44,1,2,2023-10-01 19:00:00,94.82750010884487,0.0,16.17156462990455,0.0,1180.640855549125,25.90239236430798,41.608912705351585,True,True,True,Anomaly
Aluminum,Catalyst_B,Night,Imported,Type_B,453.83760317695817,112.2396941216187,177.50888594294645,1655.981695069658,51.652876161283466,6.730680483111525,97.20336541196282,5.023350433916463,10.001940918464973,5.323952282449981,83.20497750496654,11.686223763252432,16.71200526278659,9.4906211039727,0.5711297258766694,4,25,1,12,5,0,0,2023-10-02 18:20:00,82.7990847534829,30.0,25.384358767931506,20.0,3360.7604182854807,65.06434235707762,32.05981579610281,True,True,True,Anomaly
Zinc,Catalyst_B,Day,Imported,Type_A,440.08329616193714,68.46200872248596,121.88527812141044,1612.304399314882,49.67707226247698,8.779903140915554,82.24581100723927,7.575526021690156,23.25590020518715,4.081072488901533,83.50944597981228,27.610920081740502,14.518325779602916,7.6690284617500755,0.8672908791344134,11,25,5,8,46,0,0,2023-10-03 08:30:00,80.6152199657441,30.0,156.26644025232252,20.0,4293.658447110733,86.43139081193195,32.45570493357592,True,True,True,Anomaly
Zinc,,Night,Local,Type_A,499.5936629970933,82.36837505435474,30.16145918966117,1893.8159925469784,50.2776548373128,3.652039264255342,93.0202088985063,6.509365218165311,36.09737843032072,1.0500887822992362,98.78395588482064,54.6402123747935,4.169894884816063,16.438644192756012,0.9126452972531344,13,5,2,8,1,1,1,2023-10-05 07:00:00,94.69079962734894,0.0,69.74118806699512,0.0,2139.46077565338,42.55291505891026,37.66715051994652,True,True,True,Anomaly
Zinc,,Day,Imported,Type_A,415.1787469590437,95.4535175766452,93.38241932154624,1777.578742476828,64.28881867496301,9.541242441809604,86.47087905206908,9.24236704734749,31.25650261568088,2.48148255689226,99.26841349451408,14.444429515963815,14.751475582051976,6.598078766004109,0.8809187051738687,6,3,3,12,12,0,3,2023-10-06 15:10:00,88.87893712384141,0.0,112.34006965238616,20.0,4319.539856012968,67.18959758542263,27.649889655992357,True,True,True,Anomaly
Magnesium,,Day,Imported,Type_A,401.0214465561543,81.09738724431408,65.75531601723793,1961.0473908726929,47.24158738915467,5.462661204448467,87.90893632131964,8.95393922631949,20.695442341920767,8.38391673257695,72.76677813242279,25.01238093329446,37.74765002904388,3.3100950979967148,0.7597515221967271,5,24,4,12,27,0,1,2023-10-07 00:10:00,98.05236954363464,0.0,96.97551693653946,20.0,2578.53485751559,54.58188431042325,41.51103930353733,True,True,True,Anomaly
Zinc,Catalyst_B,Day,Imported,Type_C,195.0704005188524,71.32489038545901,81.91218792677127,1997.5632628929768,44.61938655980349,1.239821642236778,95.6731953209982,0.1175702609872686,18.18185419060446,1.3580066538309543,71.55639324716766,13.267387113643885,9.771462959732933,0.4751597580877531,0.9475225753737616,12,18,2,12,24,0,4,2023-10-07 05:20:00,99.87816314464884,30.0,16.88063043399449,20.0,548.6194120941799,12.295539100674631,44.76895396613392,False,True,True,Anomaly
Magnesium,Catalyst_B,Day,Local,Type_C,263.82654295873795,120.23779585766066,130.28061776843575,1554.7419754213734,47.35476129659977,7.919962823894314,87.98143189697764,2.293648759015806,22.45886093888592,7.15415769680721,71.10786779580228,24.813635863250703,31.871272922058672,5.186742804085633,0.9248488246967728,18,21,4,8,48,1,0,2023-10-08 21:20:00,77.73709877106867,30.0,63.41634547869095,0.0,2397.743315181985,50.6336268947501,32.83179838418928,True,True,True,Anomaly
Magnesium,,Day,Imported,Type_A,370.5839417593072,133.0167191715273,160.24054045769233,1454.0759507140565,47.0150018965885,6.237607046777359,92.85991731968214,9.461979399793035,31.09425625020696,2.1095802971989466,75.05561394965856,38.461554596424925,17.068375655208612,1.7683768075910231,0.9615526926659932,19,23,1,12,12,1,1,2023-10-10 08:10:00,72.70379753570283,0.0,52.91999968319104,0.0,2557.434320708738,54.396133522102666,30.927914326417735,True,True,True,Anomaly
Aluminum,Catalyst_B,Night,Local,Type_B,312.19132275918804,50.81198965484614,133.97132481589597,1629.4985214987526,49.02332207669495,7.857915123394273,87.52060651428783,2.621749172935859,11.118411389821777,6.3099289256443605,74.74737076443407,53.2462998836605,7.601940771249787,13.169085904271611,0.829508115270331,3,12,1,8,46,0,1,2023-10-12 15:20:00,81.47492607493763,30.0,77.9191671907375,20.0,2802.955910622054,57.17596833272429,33.239251288386164,True,True,True,Anomaly
Aluminum,,Night,Imported,Type_B,357.9053374887334,55.41654091201491,86.9805181299925,1694.6693803465027,44.67155450512917,7.986317018564874,86.90330668027309,5.757296506420994,20.17070332878219,9.14019617379906,78.20151605690482,39.35509271933132,37.811706426353766,10.652352968674956,0.7329843332341248,2,3,2,8,22,0,2,2023-10-13 02:50:00,84.73346901732515,0.0,93.74752885166605,20.0,3187.6811531186604,71.35818729461613,37.93620793187131,True,True,True,Anomaly
Magnesium,,Night,Imported,Type_B,497.7269867218999,86.21269039624929,34.26664995039859,712.2196799827067,54.86687160354303,8.315623459543778,86.52845866045719,5.932915208262069,33.08431429153309,1.2372570697857077,82.01003097922911,25.04264851053356,18.763055652383084,5.512805930807128,0.5701128947742007,7,23,4,8,38,0,7,2023-10-13 19:00:00,35.610983999135335,0.0,134.10299354860302,20.0,4429.7413566540745,80.73617516709342,12.980869132270977,True,False,True,Anomaly
Zinc,,Night,Local,Type_B,491.4715382177085,93.1123083220925,37.79637993337133,591.2556573556317,42.28237085468428,6.445578141190243,97.37388847855968,7.637590286858169,19.569158397904346,8.246348830261502,95.35098249148348,13.279684285818146,10.573493184319329,4.928409032553185,0.5864452617959858,3,6,3,12,45,0,1,2023-10-14 15:40:00,29.562782867781586,0.0,25.81318137947044,20.0,3322.265016383111,78.57329069368048,13.983502944706068,True,False,True,Anomaly
Zinc,,Night,Local,Type_A,485.9372280949254,124.76714176119488,57.88662871944452,1688.584209893898,65.03344952606508,7.7197547982462,90.02300576302187,4.474930136586211,17.29466742693604,5.4637193802142265,77.6362833618075,24.411663308010947,27.426144619287097,17.49693875783754,0.8213731829749704,11,3,2,8,22,0,0,2023-10-16 00:50:00,84.4292104946949,0.0,96.96385848472396,20.0,4052.7657630634494,62.31817307244514,25.964856888255973,True,True,True,Anomaly
Aluminum,,Night,Imported,Type_B,370.1319223349132,72.13446862135768,128.1895512684916,1997.8733315612203,42.54220537916405,4.841907982671688,86.46117037757945,0.4976405038844844,10.798215456948432,2.386876039853813,71.76534705318116,54.79031169393239,17.690962619269975,12.5671468602877,0.8729623731505487,15,10,1,12,12,0,1,2023-10-16 09:00:00,99.89366657806104,0.0,100.22306068622764,20.0,2190.6450319178225,51.49345249954384,46.962147677932116,True,True,True,Anomaly
Zinc,Catalyst_B,Day,Local,Type_A,62.98143435251841,91.28725985395651,176.09288549711337,1922.977956670434,45.0446952985,8.02183857827941,92.5115772066914,9.0842216492882,33.20894900719978,2.366640816341262,73.29390879525555,55.00386550487562,11.1568757651794,6.430596003930502,0.7946201231777097,16,15,5,12,31,1,1,2023-10-17 05:50:00,96.1488978335217,30.0,9.432632171213353,0.0,831.3615820861668,18.45637042446264,42.69044210261246,False,True,True,Anomaly
Zinc,Catalyst_B,Night,Imported,Type_A,324.0294707465836,130.36578590430486,158.66545851210725,1063.5967685014589,45.41822019463815,8.844060151019155,93.09136399718192,4.6488705222371065,28.744170373205023,4.916992022054798,84.6958890438753,20.103123191862363,1.1853905959334687,13.750066634457044,0.6614590157680171,5,22,3,8,40,1,2,2023-10-20 20:10:00,53.179838425072944,30.0,44.77203335147864,0.0,3101.818090632408,68.29457599482494,23.4178434104959,True,True,True,Anomaly
Aluminum,,Day,Local,Type_B,443.0039596030063,144.8283894370503,51.77780347437108,1006.1652888891838,61.08342104551251,9.792620481135616,96.7715068008303,8.204914244092734,31.979974141705007,6.320400897492813,83.31726353483333,43.07793494393989,33.06326241588831,12.167568031886711,0.8297941791968657,6,14,2,12,2,0,1,2023-10-21 09:30:00,50.30826444445919,0.0,28.604705415671106,20.0,4576.073279095673,74.91514392565041,16.471986533621003,True,True,True,Anomaly
Zinc,,Day,Local,Type_B,379.2490622105904,146.87749212380754,132.6537779801074,1712.4709006104897,51.06287756143888,7.254523650181581,93.47725254315586,5.1746510236283125,14.88394416505643,4.932769818500583,89.39529310643582,27.466911323593337,7.268563527045804,2.9578842252802096,0.5486276831429522,9,5,5,12,24,1,1,2023-10-22 17:50:00,85.6235450305245,0.0,49.47491712089312,0.0,3013.793446589828,59.02122227568609,33.53651385098781,True,True,True,Anomaly
Zinc,Catalyst_B,Night,Local,Type_A,374.4456342032333,64.00894920112123,46.48605898767157,1361.1543308828373,46.167570480991714,9.230959471262892,97.48950151567824,6.7783618772805765,26.47266694293125,6.665437898643432,85.6891546523837,10.87283787189899,27.234948042873768,4.518185838518514,0.7412214495408516,6,8,1,8,50,1,1,2023-10-23 12:00:00,68.05771654414187,30.0,18.80090394256248,0.0,3697.954330331919,80.09852569249783,29.48291011854862,True,True,True,Anomaly
Zinc,,Night,Imported,Type_A,369.8415502815717,59.95784231098923,151.3537402538294,1906.542764530907,43.54199894462632,2.446697041193024,92.3380546403689,3.6773610184704895,18.361702359287865,2.273968887084376,96.4635534926435,36.57681360304224,11.384481908960918,18.72862775734238,0.9868001477910618,8,18,5,12,4,1,0,2023-10-23 22:40:00,95.32713822654536,0.0,56.67411499957324,0.0,1179.3279946219268,27.08483816100666,43.786293940145356,True,True,True,Anomaly
Aluminum,Catalyst_B,Night,Imported,Type_A,426.08355099491706,58.96085277551927,119.90948070910947,1952.6595907578856,40.17641136551098,8.25975628774004,94.5611493571042,9.794982196767275,26.68256562152815,5.731327695400466,96.23618139508092,13.825713468637982,35.038687920343314,0.3698047804981086,0.8969516283700867,5,16,5,12,12,0,1,2023-10-24 05:10:00,97.6329795378943,30.0,46.34809590512059,20.0,3849.495287807207,95.81481165119108,48.602140519551874,True,True,True,Anomaly
Aluminum,,Night,Local,Type_A,441.5067909847123,56.45174918645836,96.2274738824973,1022.9519545841288,46.13896084356812,7.112134434076628,91.80392752449258,5.881273671675214,16.038387972660274,3.5503810944279226,91.28187249861526,42.68010517820373,39.77826823659263,14.420277661999124,0.619613096387243,6,8,3,8,9,0,1,2023-10-25 15:50:00,51.14759772920644,0.0,72.37243314678817,20.0,3350.37409827402,72.61485818099152,22.171109532622484,True,True,True,Anomaly
Aluminum,Catalyst_B,Night,Imported,Type_A,409.2062768190573,100.8612598678647,158.27026681770093,1915.51466797527,53.6218628688065,6.898877145013782,84.52764860349767,9.584559171801644,21.37888935650774,9.746105845525395,79.92136846051197,55.57067504844844,6.088454646866701,10.848162706034316,0.7693445612165557,9,6,3,8,51,1,1,2023-10-27 02:20:00,95.7757333987635,30.0,126.62766617197724,0.0,3210.8133922699744,59.8788110015067,35.72264306933626,True,True,True,Anomaly
Aluminum,,Night,Local,Type_B,247.46485766916496,57.73501184935854,134.28217476015183,1621.3824090440494,45.766702679658096,8.826330419794482,84.95971320977173,4.269844510040201,12.984779490646616,7.537771575212839,70.32601598468987,48.52269235937871,11.655974283941656,11.072105391464216,0.719338268343007,8,23,3,12,50,1,4,2023-10-27 11:20:00,81.06912045220247,0.0,74.43884859694518,0.0,2449.0159100258584,53.51086634245056,35.4271187153866,True,True,True,Anomaly
Magnesium,,Day,Imported,Type_B,360.6587000583498,98.67667871058264,159.0673832259115,1201.3684198051417,48.23004105410756,9.362106306535726,82.63106845811402,7.351107012394785,23.8866954230124,3.3395286251059453,82.0584293168037,26.391864445593924,26.027904787591982,9.612567046167422,0.9312237487590804,14,7,2,12,49,1,1,2023-10-27 11:50:00,60.068420990257074,0.0,125.28512542598142,0.0,3680.577300719277,76.31296221768024,24.909131187704556,True,True,True,Anomaly
Aluminum,Catalyst_B,Day,Local,Type_C,488.5119159002776,86.64110029472569,139.88579495090795,844.7049612474199,47.08313753254741,6.8961098526595705,98.11633955043436,7.810285615722474,28.568360145769823,9.191687949906196,83.06010489694194,39.783959682230034,8.49717942243493,5.818258236767759,0.6581786373189968,14,29,1,8,8,0,4,2023-10-28 02:00:00,42.235248062371,30.0,18.403811502457764,20.0,3544.7055366389004,75.28609439395437,17.940710953332204,True,True,True,Anomaly
Magnesium,Catalyst_B,Night,Imported,Type_B,222.07298770956336,101.81881924346354,173.7015331898737,1988.320010016504,52.29394195403159,9.676577611598288,83.38399461498607,1.3246099141264411,30.780741718590377,6.828598904588052,87.2519863493905,25.27963271225239,39.43619534237956,13.374561386970962,0.9395417300106192,7,26,2,12,8,0,0,2023-10-29 00:10:00,99.4160005008252,30.0,73.79931919296476,20.0,2543.626140628862,48.64093326268669,38.021995200979774,True,True,True,Anomaly
Aluminum,,Day,Local,Type_B,417.8556114611568,143.00319915794034,95.21367359656122,1400.4539662951088,44.38068607248245,5.7264983186465725,81.09483455561578,5.557288767670564,16.129505050099702,6.715057487456019,95.10057671027576,37.51350230193116,7.343470135358872,9.380559140533702,0.7809044331124438,11,5,4,12,8,1,1,2023-10-29 09:10:00,70.02269831475544,0.0,157.99258933075,0.0,2720.6820129638904,61.303288744127975,31.55548258104641,True,True,True,Anomaly
Magnesium,,Day,Local,Type_B,469.8089556150457,112.8935911503788,44.69919725019154,1984.663824401845,46.841897890825365,8.923972089831413,96.71894865550463,4.006583459209918,26.815548918081877,7.868929154430314,97.90123722367234,39.134975481623925,21.31867638376763,10.570439019863256,0.6991843754966828,7,12,5,8,21,1,1,2023-10-30 07:20:00,99.23319122009224,0.0,30.8293461095342,0.0,4494.173725926492,95.9434593449028,42.36941528346077,True,True,True,Anomaly
Aluminum,,Day,Local,Type_B,134.4642062320745,71.95836348578996,176.45881954648604,1959.923943877711,47.81214803916184,4.631064198867299,90.26923298778608,0.6891360689031412,17.59585548617541,2.4108182777760656,79.84814678592632,43.67606447381042,16.620791367679033,0.7098274446312081,0.8522393666190999,13,26,5,8,9,0,1,2023-11-01 18:20:00,97.99619719388556,0.0,26.168797246532044,20.0,941.9924244607485,19.70194737306477,40.99217509057284,False,True,True,Anomaly
Magnesium,,Day,Imported,Type_A,198.1642927964792,56.95864577270129,64.20221105602629,1878.4891765760408,45.03133772821349,7.512498983667702,98.92825731957154,0.6847932452032379,19.0488278524734,9.177566630342683,94.27453204130056,17.236048785687732,23.734183478128237,15.039298529629564,0.6872022854050412,12,27,4,12,7,1,4,2023-11-03 11:50:00,93.92445882880205,0.0,4.247622606538159,0.0,1701.658129193116,37.788309542644924,41.715153742792566,True,True,True,Anomaly
Magnesium,Catalyst_B,Night,Local,Type_B,460.8964533259826,147.42434744525588,118.81731026516783,1899.643999500616,46.35118709332768,6.604901520421032,96.22008085177498,2.485478722325773,26.237411404797665,5.538513826124807,97.49363484856096,54.41776229224568,20.45356458186948,6.244075651760577,0.9017053002192612,11,10,5,8,17,1,1,2023-11-05 04:50:00,94.9821999750308,30.0,34.84302658551761,0.0,3365.2421767790934,72.60314973170395,40.98371840349419,True,True,True,Anomaly
Zinc,Catalyst_B,Day,Imported,Type_A,459.45186628294624,93.9804499301899,178.1895507583302,1837.0661339557264,45.2594826925237,9.646684792478236,90.25129023970376,8.30092265710115,19.52431523715415,6.013610033681469,99.53424386043513,46.54202867442515,15.679873725894453,5.02997628158403,0.744983662126889,6,25,2,8,12,0,1,2023-11-05 05:20:00,91.85330669778632,30.0,89.58125786437769,20.0,4829.039133938699,106.6967372726157,40.58964054971815,True,True,True,Anomaly
Magnesium,,Night,Local,Type_A,498.7335759518484,64.65880786913054,63.880240902187545,398.0192242466903,46.435831754070286,9.07868885170189,99.55098900864516,5.068101369014048,16.804340866411792,7.99875241409821,85.36131128126233,26.695115779745827,8.906703001424404,3.7425366287217554,0.8007737328219278,12,17,5,12,10,0,2,2023-11-05 19:00:00,19.90096121233452,0.0,4.478737147201866,20.0,4586.596514211207,98.7727868966011,8.571381392598882,True,False,True,Anomaly
Magnesium,Catalyst_B,Day,Imported,Type_C,258.45630399794544,61.47638489829754,41.69768203237155,1663.999729427631,50.777501174406936,9.47167304528848,98.6683977037915,5.152033199058122,36.11912340361862,3.429324013211271,74.88478825198149,20.298027834529982,39.74782690401597,8.515108094627157,0.6691759806745665,14,28,4,12,4,1,2,2023-11-05 19:20:00,83.19998647138156,30.0,6.883220157464528,0.0,2694.628471122533,53.06737056373088,32.77041388295662,True,True,True,Anomaly
Aluminum,,Night,Local,Type_A,310.61731736426026,147.905252147055,89.61249962858035,1949.8085128705152,53.221882947766005,6.777815224763504,89.18581417488332,0.4382070876388166,23.321176346176685,1.8629664812778504,80.3560087943534,14.584724073283036,34.04324490763622,4.276574402303572,0.8154329964249292,15,18,3,8,41,0,1,2023-11-07 13:50:00,97.49042564352575,0.0,67.18146780952708,20.0,2430.7543875707643,45.67208548326634,36.635466557696425,True,True,True,Anomaly
Magnesium,,Day,Imported,Type_C,468.1310326461781,71.73790300773311,146.78675452046411,1443.5204450581675,42.04660251274192,3.9782817647754967,98.8948174697047,8.139818665594598,12.655822094443277,1.1311381512603744,89.02896801974374,35.56861985059274,19.952661172881125,0.5172924823618019,0.7419669032956557,9,9,1,12,30,0,1,2023-11-07 14:20:00,72.17602225290838,0.0,10.347404783393005,20.0,2096.850905692321,49.86968697546693,34.33144080120906,True,True,True,Anomaly
Magnesium,Catalyst_B,Night,Local,Type_C,200.4484539457253,117.70395994155056,157.83703051153708,1949.099769436566,44.974713874458224,1.6700590148979622,94.45902366997548,2.3780532524785336,36.85336583672897,9.939821389771554,91.63429677753658,40.7132124544968,5.848652828425704,2.7151506799468628,0.78542020663997,10,29,5,12,31,0,1,2023-11-07 15:20:00,97.4549884718283,30.0,22.213602774065464,20.0,704.8269206809459,15.671626564393266,43.33768025467055,False,True,True,Anomaly
Aluminum,,Day,Imported,Type_B,493.2043641314456,125.58174756964398,144.00312461151847,1947.4254288713075,59.67759802053162,5.694607763516183,99.11394007531538,1.0654330330643702,27.857642020850527,4.662125258787384,86.90191346937088,52.22074726892093,0.1959153347978581,2.542281130320847,0.7789920596153952,6,1,3,12,47,0,0,2023-11-09 11:40:00,97.37127144356538,0.0,8.740172434728617,20.0,3091.700288458196,51.8067145965647,32.63243651665255,True,True,True,Anomaly
Aluminum,Catalyst_B,Day,Local,Type_B,489.3152126473692,81.18602803594986,81.21109734998328,1742.4987836634914,66.43045270614216,9.381838184549872,80.6633613642998,7.103407376662155,11.444083023540816,4.647778678239215,92.34446681385003,22.06762993618936,10.71082328934537,10.79900633962344,0.81547100919727,3,28,2,12,37,0,1,2023-11-10 01:10:00,87.12493918317458,30.0,189.2342289182596,20.0,5066.357993495506,76.26559487569276,26.230421631649968,True,True,True,Anomaly
Aluminum,Catalyst_B,Night,Local,Type_A,464.85679787506,80.32038276340842,102.66171425523416,1570.9092604365287,48.29201017072778,5.013019637210249,98.16391658615022,2.5448414536340103,38.020783295958296,7.0239638047638735,80.25204372798879,22.980979273801275,2.133004155794458,9.191291112533207,0.6198024355197038,17,8,4,8,31,0,1,2023-11-13 03:40:00,78.54546302182644,30.0,17.07031712787431,20.0,2584.74050386509,53.52314999369878,32.52938229083568,True,True,True,Anomaly
Aluminum,,Night,Imported,Type_A,498.2813807716651,105.4725531095656,72.67964689653469,1743.3364724904543,72.11719462938935,8.313193839359942,87.66849001192493,6.776773563339549,14.07491255670867,7.929756042255973,70.23539205351351,37.08844557333755,4.7514604946267225,5.660378734560007,0.6893130980022867,15,25,2,8,31,1,1,2023-11-13 18:00:00,87.16682362452272,0.0,122.89123647715256,0.0,4538.900317609165,62.93783806947286,24.173659020563264,True,True,True,Anomaly
Zinc,,Night,Imported,Type_C,225.57177824893023,144.75229715344796,52.438210766879045,1703.4169015560008,45.22554855875086,9.020839421932816,99.61236374584604,5.531517579173592,30.628550495738747,1.7120144602062235,90.5256060088301,59.140376247786286,39.68235992487066,2.394988998712726,0.5517350745024601,4,13,4,12,51,1,2,2023-11-15 00:00:00,85.17084507780004,0.0,1.7487959832653417,0.0,2282.6334316457114,50.47221104859404,37.66492515492994,True,True,True,Anomaly
Aluminum,Catalyst_B,Night,Local,Type_C,464.4070332264132,53.31676976270897,122.81649909255236,1698.0645956353717,59.15222608483553,9.260988546845102,91.972853744487,2.517885727831545,12.646792329552625,3.8866470287960864,94.15192226070684,57.29832867532011,36.47077850417559,7.333168991487367,0.8906591853233132,8,20,1,8,11,1,3,2023-11-15 05:20:00,84.90322978176859,30.0,74.55726355594614,0.0,4663.78561960145,78.84378878510329,28.70668963835823,True,True,True,Anomaly
Zinc,Catalyst_B,Day,Local,Type_B,399.6004657963643,101.59740270345328,156.1106624780059,676.0419541631056,53.40024977761944,9.60475488062127,95.04276657970522,4.453889634816783,34.961040489149745,7.5015263395174685,98.06123312046005,15.097588793154037,1.6227307072623542,13.601333572497255,0.9311188572348512,7,24,4,12,12,0,2,2023-11-15 16:00:00,33.80209770815528,30.0,39.61825567622198,20.0,4010.245958557755,75.09788765517138,12.659902471962617,True,False,True,Anomaly
Aluminum,,Day,Imported,Type_B,481.2871378007767,84.85908669469418,112.64558681620416,1079.7365020866675,45.715454518100216,8.297408608594004,95.67049463415196,1.043691150953978,17.88175219953541,4.562054091643358,85.41346889311271,39.69907372122737,12.472860278935872,19.85044534280344,0.6630453714063458,11,25,2,12,47,0,4,2023-11-18 02:20:00,53.98682510433338,0.0,41.67470491244227,20.0,4173.263478876374,91.28780459185953,23.618632111798544,True,True,True,Anomaly
Magnesium,Catalyst_B,Day,Local,Type_A,463.8937940671368,118.54192305599057,117.91332551246698,1916.0693268984944,66.97675004780163,8.616203841758532,93.75006601881836,5.242698478994652,34.705157847889936,1.088729817296706,88.98484344842561,59.37276272592746,15.09385670692517,10.399636250620585,0.7179750312447498,14,12,5,12,21,1,1,2023-11-21 09:30:00,95.80346634492474,30.0,57.98611174398955,0.0,4299.343968933257,64.19158836260037,28.607977029804918,True,True,True,Anomaly
Magnesium,,Night,Local,Type_A,499.4779826802481,66.15830742910552,44.2470636623061,1897.7080491564784,56.56872554798472,9.337061663935664,85.24062743703415,8.687966789070916,19.630471304501768,4.116901039276244,91.99107831553262,11.474770443754297,14.81188388878126,1.6660227870664943,0.9049419146062148,14,11,3,12,19,0,1,2023-11-21 10:20:00,94.88540245782394,0.0,147.43963266752775,20.0,5080.935339197898,89.81880517863122,33.5469472004763,True,True,True,Anomaly
Zinc,Catalyst_B,Day,Imported,Type_A,395.2991273360299,106.4154755954208,78.59205118481924,1987.7818949794996,57.184189905169305,7.540240503321098,86.4047927052901,1.1360988184600596,30.333233565746863,4.817985038020296,96.4973262345771,16.395532844660323,29.00859084061373,10.244392552581958,0.5843127869019371,4,22,3,12,35,0,6,2023-11-22 16:30:00,99.38909474897495,30.0,107.48347159102502,20.0,3401.8710769595864,59.48971354846571,34.761039690794135,True,True,True,Anomaly
Aluminum,Catalyst_B,Night,Imported,Type_C,126.66644778531018,121.48961831589212,72.13258859044035,1954.13666602205,42.76494937282314,6.127844412228596,95.9249077443622,3.7473005301568394,25.68273777075394,1.06555090740743,80.13478613989923,53.549448497824045,26.416831267967662,15.191165861065452,0.5824073511734249,5,23,5,12,26,1,3,2023-11-25 00:40:00,97.7068333011025,30.0,10.32354920838138,0.0,1047.523374262979,24.494905047839797,45.69482004961502,True,True,True,Anomaly
